vuln_id,system_id,attack_complexity,privileges_required,user_interaction,confidentiality_impact,integrity_impact,availability_impact,exploit_probability,risk_label,description
V0001,APP01,Low,High,Required,Low,Low,High,0.697,High,Synthetic vulnerability with easy exploitation conditions and possible service disruption.
V0002,DB01,Low,Low,Required,High,High,High,0.128,High,"Synthetic vulnerability with easy exploitation conditions and possible data exposure, data modification, service disruption."
V0003,AUTH01,High,Low,Required,Low,None,High,0.644,High,Synthetic vulnerability with specific exploitation conditions and possible service disruption.
V0004,VPN01,High,Low,None,Low,None,None,0.064,Low,Synthetic vulnerability with specific exploitation conditions and possible limited operational impact.
V0005,WEB01,High,High,None,Low,None,High,0.355,Medium,Synthetic vulnerability with specific exploitation conditions and possible service disruption.
V0006,APP01,High,Low,Required,High,High,High,0.467,Critical,"Synthetic vulnerability with specific exploitation conditions and possible data exposure, data modification, service disruption."
V0007,AUTH01,Low,None,Required,None,High,High,0.745,High,"Synthetic vulnerability with easy exploitation conditions and possible data modification, service disruption."
V0008,VPN01,High,Low,None,High,Low,None,0.189,Medium,Synthetic vulnerability with specific exploitation conditions and possible data exposure.
V0009,BACKUP01,Low,None,Required,Low,None,None,0.67,Medium,Synthetic vulnerability with easy exploitation conditions and possible limited operational impact.
V0010,AUTH01,Low,None,Required,Low,High,None,0.832,High,Synthetic vulnerability with easy exploitation conditions and possible data modification.
V0011,EMP01,Low,High,Required,Low,High,None,0.682,High,Synthetic vulnerability with easy exploitation conditions and possible data modification.
V0012,DB01,Low,High,None,High,None,High,0.665,High,"Synthetic vulnerability with easy exploitation conditions and possible data exposure, service disruption."
V0013,WEB01,Low,High,None,High,Low,Low,0.569,High,Synthetic vulnerability with easy exploitation conditions and possible data exposure.
V0014,VPN01,Low,None,None,Low,High,Low,0.565,High,Synthetic vulnerability with easy exploitation conditions and possible data modification.
V0015,DB01,Low,High,Required,Low,Low,Low,0.559,Medium,Synthetic vulnerability with easy exploitation conditions and possible limited operational impact.
V0016,APP01,Low,Low,None,Low,Low,High,0.409,High,Synthetic vulnerability with easy exploitation conditions and possible service disruption.
V0017,BACKUP01,High,High,None,None,High,None,0.281,Medium,Synthetic vulnerability with specific exploitation conditions and possible data modification.
V0018,DB01,Low,Low,Required,None,Low,Low,0.664,Medium,Synthetic vulnerability with easy exploitation conditions and possible limited operational impact.
V0019,WEB01,Low,Low,None,High,None,None,0.023,Low,Synthetic vulnerability with easy exploitation conditions and possible data exposure.
V0020,APP01,Low,High,Required,High,Low,High,0.501,High,"Synthetic vulnerability with easy exploitation conditions and possible data exposure, service disruption."
V0021,APP01,High,None,None,High,Low,Low,0.381,High,Synthetic vulnerability with specific exploitation conditions and possible data exposure.
V0022,WEB01,Low,High,Required,Low,Low,High,0.118,Medium,Synthetic vulnerability with easy exploitation conditions and possible service disruption.
V0023,DB01,Low,High,None,High,Low,High,0.266,High,"Synthetic vulnerability with easy exploitation conditions and possible data exposure, service disruption."
V0024,VPN01,High,None,Required,None,High,High,0.272,Medium,"Synthetic vulnerability with specific exploitation conditions and possible data modification, service disruption."
V0025,DB01,Low,None,None,High,None,Low,0.202,Medium,Synthetic vulnerability with easy exploitation conditions and possible data exposure.
V0026,DB01,Low,High,Required,Low,None,Low,0.759,Medium,Synthetic vulnerability with easy exploitation conditions and possible limited operational impact.
V0027,WEB01,Low,High,Required,Low,None,Low,0.584,Medium,Synthetic vulnerability with easy exploitation conditions and possible limited operational impact.
V0028,WEB01,High,Low,None,High,Low,High,0.494,High,"Synthetic vulnerability with specific exploitation conditions and possible data exposure, service disruption."
V0029,DB01,Low,None,Required,None,High,None,0.588,Medium,Synthetic vulnerability with easy exploitation conditions and possible data modification.
V0030,AUTH01,Low,None,Required,High,Low,Low,0.591,High,Synthetic vulnerability with easy exploitation conditions and possible data exposure.
V0031,WEB01,Low,None,None,High,Low,Low,0.783,Critical,Synthetic vulnerability with easy exploitation conditions and possible data exposure.
V0032,BACKUP01,Low,None,None,High,Low,Low,0.572,High,Synthetic vulnerability with easy exploitation conditions and possible data exposure.
V0033,DB01,High,Low,Required,None,High,None,0.521,Medium,Synthetic vulnerability with specific exploitation conditions and possible data modification.
V0034,BACKUP01,Low,None,None,Low,High,None,0.14,Medium,Synthetic vulnerability with easy exploitation conditions and possible data modification.
V0035,APP01,Low,Low,None,None,Low,High,0.281,Medium,Synthetic vulnerability with easy exploitation conditions and possible service disruption.
V0036,WEB01,High,High,Required,High,High,None,0.916,High,"Synthetic vulnerability with specific exploitation conditions and possible data exposure, data modification."
V0037,AUTH01,High,None,None,None,None,Low,0.371,Low,Synthetic vulnerability with specific exploitation conditions and possible limited operational impact.
V0038,BACKUP01,High,Low,Required,High,None,None,0.291,Medium,Synthetic vulnerability with specific exploitation conditions and possible data exposure.
V0039,VPN01,High,Low,Required,None,High,High,0.165,Medium,"Synthetic vulnerability with specific exploitation conditions and possible data modification, service disruption."
V0040,BACKUP01,Low,None,None,High,High,None,0.749,High,"Synthetic vulnerability with easy exploitation conditions and possible data exposure, data modification."
V0041,WEB01,High,High,None,High,None,Low,0.316,Medium,Synthetic vulnerability with specific exploitation conditions and possible data exposure.
V0042,WEB01,High,Low,Required,Low,Low,High,0.747,High,Synthetic vulnerability with specific exploitation conditions and possible service disruption.
V0043,WEB01,Low,None,None,High,High,None,0.123,High,"Synthetic vulnerability with easy exploitation conditions and possible data exposure, data modification."
V0044,EMP01,High,High,None,High,None,Low,0.875,High,Synthetic vulnerability with specific exploitation conditions and possible data exposure.
V0045,VPN01,Low,None,None,None,High,High,0.972,Critical,"Synthetic vulnerability with easy exploitation conditions and possible data modification, service disruption."
V0046,APP01,High,Low,None,High,None,None,0.132,Low,Synthetic vulnerability with specific exploitation conditions and possible data exposure.
V0047,DB01,Low,High,Required,None,None,Low,0.694,Medium,Synthetic vulnerability with easy exploitation conditions and possible limited operational impact.
V0048,DB01,High,Low,None,High,High,None,0.739,High,"Synthetic vulnerability with specific exploitation conditions and possible data exposure, data modification."
V0049,BACKUP01,High,None,None,None,Low,High,0.398,Medium,Synthetic vulnerability with specific exploitation conditions and possible service disruption.
V0050,BACKUP01,Low,None,None,Low,Low,None,0.286,Medium,Synthetic vulnerability with easy exploitation conditions and possible limited operational impact.
V0051,DB01,High,High,None,None,Low,Low,0.634,Medium,Synthetic vulnerability with specific exploitation conditions and possible limited operational impact.
V0052,BACKUP01,Low,High,None,High,Low,None,0.596,High,Synthetic vulnerability with easy exploitation conditions and possible data exposure.
V0053,DB01,Low,High,Required,High,Low,Low,0.785,High,Synthetic vulnerability with easy exploitation conditions and possible data exposure.
V0054,DB01,Low,Low,None,None,High,None,0.233,Medium,Synthetic vulnerability with easy exploitation conditions and possible data modification.
V0055,AUTH01,Low,Low,Required,Low,High,High,0.603,High,"Synthetic vulnerability with easy exploitation conditions and possible data modification, service disruption."
V0056,EMP01,Low,None,None,High,Low,None,0.867,High,Synthetic vulnerability with easy exploitation conditions and possible data exposure.
V0057,DB01,Low,Low,Required,None,None,None,0.746,Low,Synthetic vulnerability with easy exploitation conditions and possible limited operational impact.
V0058,EMP01,High,High,None,High,None,Low,0.146,Medium,Synthetic vulnerability with specific exploitation conditions and possible data exposure.
V0059,EMP01,Low,High,None,None,High,None,0.921,High,Synthetic vulnerability with easy exploitation conditions and possible data modification.
V0060,WEB01,Low,None,None,Low,None,Low,0.021,Low,Synthetic vulnerability with easy exploitation conditions and possible limited operational impact.
V0061,VPN01,High,None,None,None,High,None,0.591,Medium,Synthetic vulnerability with specific exploitation conditions and possible data modification.
V0062,VPN01,High,High,None,High,None,High,0.875,High,"Synthetic vulnerability with specific exploitation conditions and possible data exposure, service disruption."
V0063,APP01,High,High,Required,None,Low,None,0.237,Low,Synthetic vulnerability with specific exploitation conditions and possible limited operational impact.
V0064,WEB01,Low,Low,Required,High,Low,None,0.374,Medium,Synthetic vulnerability with easy exploitation conditions and possible data exposure.
V0065,AUTH01,High,Low,Required,None,None,High,0.052,Low,Synthetic vulnerability with specific exploitation conditions and possible service disruption.
V0066,BACKUP01,High,High,None,High,High,High,0.98,Critical,"Synthetic vulnerability with specific exploitation conditions and possible data exposure, data modification, service disruption."
V0067,DB01,Low,High,Required,High,Low,Low,0.779,High,Synthetic vulnerability with easy exploitation conditions and possible data exposure.
V0068,BACKUP01,Low,High,Required,None,Low,High,0.463,Medium,Synthetic vulnerability with easy exploitation conditions and possible service disruption.
V0069,VPN01,High,Low,Required,Low,None,None,0.14,Low,Synthetic vulnerability with specific exploitation conditions and possible limited operational impact.
V0070,AUTH01,Low,None,None,Low,None,Low,0.366,Medium,Synthetic vulnerability with easy exploitation conditions and possible limited operational impact.
V0071,DB01,High,None,None,Low,None,High,0.297,Medium,Synthetic vulnerability with specific exploitation conditions and possible service disruption.
V0072,AUTH01,High,High,Required,High,Low,High,0.535,High,"Synthetic vulnerability with specific exploitation conditions and possible data exposure, service disruption."
V0073,DB01,High,High,None,Low,None,High,0.533,Medium,Synthetic vulnerability with specific exploitation conditions and possible service disruption.
V0074,APP01,High,None,None,None,High,None,0.695,Medium,Synthetic vulnerability with specific exploitation conditions and possible data modification.
V0075,EMP01,High,High,Required,None,High,Low,0.095,Medium,Synthetic vulnerability with specific exploitation conditions and possible data modification.
V0076,WEB01,High,Low,None,Low,High,High,0.959,Critical,"Synthetic vulnerability with specific exploitation conditions and possible data modification, service disruption."
V0077,BACKUP01,Low,High,None,Low,Low,High,0.795,High,Synthetic vulnerability with easy exploitation conditions and possible service disruption.
V0078,WEB01,High,None,None,High,Low,None,0.616,High,Synthetic vulnerability with specific exploitation conditions and possible data exposure.
V0079,EMP01,Low,None,None,Low,None,Low,0.466,Medium,Synthetic vulnerability with easy exploitation conditions and possible limited operational impact.
V0080,VPN01,High,High,Required,High,High,Low,0.6,High,"Synthetic vulnerability with specific exploitation conditions and possible data exposure, data modification."
V0081,VPN01,Low,High,Required,None,High,None,0.088,Low,Synthetic vulnerability with easy exploitation conditions and possible data modification.
V0082,EMP01,High,High,None,High,High,None,0.334,High,"Synthetic vulnerability with specific exploitation conditions and possible data exposure, data modification."
V0083,VPN01,High,High,Required,High,Low,None,0.364,Medium,Synthetic vulnerability with specific exploitation conditions and possible data exposure.
V0084,BACKUP01,Low,None,None,High,None,None,0.438,Medium,Synthetic vulnerability with easy exploitation conditions and possible data exposure.
V0085,AUTH01,High,Low,None,High,None,Low,0.936,High,Synthetic vulnerability with specific exploitation conditions and possible data exposure.
V0086,BACKUP01,High,Low,None,None,Low,Low,0.718,Medium,Synthetic vulnerability with specific exploitation conditions and possible limited operational impact.
V0087,WEB01,High,High,None,None,None,High,0.637,Medium,Synthetic vulnerability with specific exploitation conditions and possible service disruption.
V0088,WEB01,Low,Low,Required,None,High,Low,0.454,Medium,Synthetic vulnerability with easy exploitation conditions and possible data modification.
V0089,WEB01,High,High,None,None,High,Low,0.442,Medium,Synthetic vulnerability with specific exploitation conditions and possible data modification.
V0090,WEB01,Low,Low,Required,High,High,Low,0.997,Critical,"Synthetic vulnerability with easy exploitation conditions and possible data exposure, data modification."
V0091,EMP01,Low,High,Required,None,High,High,0.106,Medium,"Synthetic vulnerability with easy exploitation conditions and possible data modification, service disruption."
V0092,WEB01,High,None,Required,None,Low,Low,0.897,High,Synthetic vulnerability with specific exploitation conditions and possible limited operational impact.
V0093,DB01,High,None,None,None,Low,None,0.777,Medium,Synthetic vulnerability with specific exploitation conditions and possible limited operational impact.
V0094,WEB01,Low,None,Required,None,Low,High,0.005,Medium,Synthetic vulnerability with easy exploitation conditions and possible service disruption.
V0095,AUTH01,Low,None,Required,Low,High,High,0.239,High,"Synthetic vulnerability with easy exploitation conditions and possible data modification, service disruption."
V0096,BACKUP01,High,None,None,High,High,High,0.772,Critical,"Synthetic vulnerability with specific exploitation conditions and possible data exposure, data modification, service disruption."
V0097,WEB01,High,High,Required,High,Low,None,0.202,Medium,Synthetic vulnerability with specific exploitation conditions and possible data exposure.
V0098,EMP01,Low,High,Required,Low,High,Low,0.851,High,Synthetic vulnerability with easy exploitation conditions and possible data modification.
V0099,WEB01,Low,None,Required,High,None,None,0.271,Medium,Synthetic vulnerability with easy exploitation conditions and possible data exposure.
V0100,WEB01,High,Low,Required,High,Low,Low,0.616,High,Synthetic vulnerability with specific exploitation conditions and possible data exposure.
V0101,AUTH01,Low,None,None,High,Low,High,0.173,High,"Synthetic vulnerability with easy exploitation conditions and possible data exposure, service disruption."
V0102,VPN01,Low,High,None,Low,High,Low,0.784,High,Synthetic vulnerability with easy exploitation conditions and possible data modification.
V0103,VPN01,Low,Low,Required,Low,Low,None,0.946,High,Synthetic vulnerability with easy exploitation conditions and possible limited operational impact.
V0104,EMP01,Low,Low,Required,Low,High,None,0.941,High,Synthetic vulnerability with easy exploitation conditions and possible data modification.
V0105,WEB01,Low,None,None,Low,High,Low,0.474,High,Synthetic vulnerability with easy exploitation conditions and possible data modification.
V0106,AUTH01,Low,High,None,High,None,None,0.428,Medium,Synthetic vulnerability with easy exploitation conditions and possible data exposure.
V0107,DB01,High,Low,None,Low,High,Low,0.409,High,Synthetic vulnerability with specific exploitation conditions and possible data modification.
V0108,WEB01,Low,High,Required,Low,None,High,0.418,Medium,Synthetic vulnerability with easy exploitation conditions and possible service disruption.
V0109,EMP01,Low,Low,None,None,None,Low,0.566,Medium,Synthetic vulnerability with easy exploitation conditions and possible limited operational impact.
V0110,AUTH01,High,Low,Required,Low,Low,Low,0.787,High,Synthetic vulnerability with specific exploitation conditions and possible limited operational impact.
V0111,BACKUP01,Low,Low,None,Low,Low,Low,0.361,Medium,Synthetic vulnerability with easy exploitation conditions and possible limited operational impact.
V0112,BACKUP01,High,High,Required,Low,High,None,0.504,Medium,Synthetic vulnerability with specific exploitation conditions and possible data modification.
V0113,AUTH01,High,Low,None,High,None,None,0.837,Medium,Synthetic vulnerability with specific exploitation conditions and possible data exposure.
V0114,DB01,Low,None,None,None,None,High,0.056,Medium,Synthetic vulnerability with easy exploitation conditions and possible service disruption.
V0115,WEB01,Low,None,Required,Low,Low,None,0.314,Medium,Synthetic vulnerability with easy exploitation conditions and possible limited operational impact.
V0116,DB01,High,High,None,Low,High,High,0.372,High,"Synthetic vulnerability with specific exploitation conditions and possible data modification, service disruption."
V0117,VPN01,High,None,None,Low,High,None,0.365,Medium,Synthetic vulnerability with specific exploitation conditions and possible data modification.
V0118,AUTH01,High,None,Required,Low,High,Low,0.688,High,Synthetic vulnerability with specific exploitation conditions and possible data modification.
V0119,EMP01,Low,High,Required,Low,High,Low,0.011,Medium,Synthetic vulnerability with easy exploitation conditions and possible data modification.
V0120,APP01,Low,High,Required,Low,None,High,0.836,High,Synthetic vulnerability with easy exploitation conditions and possible service disruption.
V0121,EMP01,High,High,Required,Low,None,High,0.99,High,Synthetic vulnerability with specific exploitation conditions and possible service disruption.
V0122,WEB01,Low,Low,None,High,Low,None,0.755,High,Synthetic vulnerability with easy exploitation conditions and possible data exposure.
V0123,APP01,Low,Low,None,Low,High,None,0.181,Medium,Synthetic vulnerability with easy exploitation conditions and possible data modification.
V0124,AUTH01,High,High,None,Low,None,None,0.49,Low,Synthetic vulnerability with specific exploitation conditions and possible limited operational impact.
V0125,DB01,High,Low,Required,Low,None,None,0.244,Low,Synthetic vulnerability with specific exploitation conditions and possible limited operational impact.
V0126,EMP01,High,High,Required,Low,Low,Low,0.763,High,Synthetic vulnerability with specific exploitation conditions and possible limited operational impact.
V0127,BACKUP01,High,None,Required,Low,High,Low,0.338,High,Synthetic vulnerability with specific exploitation conditions and possible data modification.
V0128,DB01,High,None,None,Low,High,High,0.505,High,"Synthetic vulnerability with specific exploitation conditions and possible data modification, service disruption."
V0129,EMP01,Low,High,None,Low,None,High,0.341,Medium,Synthetic vulnerability with easy exploitation conditions and possible service disruption.
V0130,AUTH01,Low,High,Required,Low,None,None,0.917,Medium,Synthetic vulnerability with easy exploitation conditions and possible limited operational impact.
V0131,APP01,High,Low,None,None,None,Low,0.192,Low,Synthetic vulnerability with specific exploitation conditions and possible limited operational impact.
V0132,AUTH01,Low,Low,Required,High,Low,Low,0.598,High,Synthetic vulnerability with easy exploitation conditions and possible data exposure.
V0133,EMP01,High,None,None,None,None,High,0.634,Medium,Synthetic vulnerability with specific exploitation conditions and possible service disruption.
V0134,DB01,High,High,Required,High,Low,High,0.903,Critical,"Synthetic vulnerability with specific exploitation conditions and possible data exposure, service disruption."
V0135,WEB01,High,High,None,High,Low,High,0.867,Critical,"Synthetic vulnerability with specific exploitation conditions and possible data exposure, service disruption."
V0136,VPN01,Low,Low,Required,High,Low,Low,0.654,High,Synthetic vulnerability with easy exploitation conditions and possible data exposure.
V0137,BACKUP01,Low,High,None,High,None,None,0.734,Medium,Synthetic vulnerability with easy exploitation conditions and possible data exposure.
V0138,WEB01,High,Low,None,None,None,None,0.777,Low,Synthetic vulnerability with specific exploitation conditions and possible limited operational impact.
V0139,APP01,High,Low,Required,High,High,Low,0.978,Critical,"Synthetic vulnerability with specific exploitation conditions and possible data exposure, data modification."
V0140,VPN01,Low,None,Required,Low,None,None,0.802,Medium,Synthetic vulnerability with easy exploitation conditions and possible limited operational impact.
V0141,BACKUP01,Low,High,None,High,None,None,0.373,Medium,Synthetic vulnerability with easy exploitation conditions and possible data exposure.
V0142,EMP01,Low,Low,None,High,High,High,0.774,Critical,"Synthetic vulnerability with easy exploitation conditions and possible data exposure, data modification, service disruption."
V0143,BACKUP01,Low,High,Required,High,Low,High,0.049,High,"Synthetic vulnerability with easy exploitation conditions and possible data exposure, service disruption."
V0144,WEB01,Low,None,Required,None,High,Low,0.515,High,Synthetic vulnerability with easy exploitation conditions and possible data modification.
V0145,EMP01,Low,High,Required,None,High,Low,0.896,High,Synthetic vulnerability with easy exploitation conditions and possible data modification.
V0146,AUTH01,High,None,None,Low,High,Low,0.853,High,Synthetic vulnerability with specific exploitation conditions and possible data modification.
V0147,VPN01,High,None,Required,Low,Low,Low,0.275,Medium,Synthetic vulnerability with specific exploitation conditions and possible limited operational impact.
V0148,AUTH01,High,High,None,High,None,High,0.718,High,"Synthetic vulnerability with specific exploitation conditions and possible data exposure, service disruption."
V0149,VPN01,Low,High,Required,High,Low,None,0.408,Medium,Synthetic vulnerability with easy exploitation conditions and possible data exposure.
V0150,EMP01,Low,None,Required,None,High,High,0.595,High,"Synthetic vulnerability with easy exploitation conditions and possible data modification, service disruption."
V0151,WEB01,Low,Low,None,High,None,Low,0.134,Medium,Synthetic vulnerability with easy exploitation conditions and possible data exposure.
V0152,WEB01,Low,None,None,Low,None,Low,0.453,Medium,Synthetic vulnerability with easy exploitation conditions and possible limited operational impact.
V0153,BACKUP01,High,Low,Required,Low,Low,Low,0.959,High,Synthetic vulnerability with specific exploitation conditions and possible limited operational impact.
V0154,BACKUP01,High,Low,Required,High,None,Low,0.235,Medium,Synthetic vulnerability with specific exploitation conditions and possible data exposure.
V0155,APP01,High,None,Required,High,None,Low,0.742,High,Synthetic vulnerability with specific exploitation conditions and possible data exposure.
V0156,APP01,High,Low,Required,None,None,High,0.322,Medium,Synthetic vulnerability with specific exploitation conditions and possible service disruption.
V0157,APP01,Low,None,None,High,None,None,0.561,Medium,Synthetic vulnerability with easy exploitation conditions and possible data exposure.
V0158,VPN01,High,Low,Required,Low,Low,High,0.995,High,Synthetic vulnerability with specific exploitation conditions and possible service disruption.
V0159,VPN01,High,High,None,High,High,High,0.788,Critical,"Synthetic vulnerability with specific exploitation conditions and possible data exposure, data modification, service disruption."
V0160,EMP01,Low,None,Required,None,None,Low,0.955,Medium,Synthetic vulnerability with easy exploitation conditions and possible limited operational impact.
V0161,DB01,High,Low,Required,Low,None,None,0.96,Medium,Synthetic vulnerability with specific exploitation conditions and possible limited operational impact.
V0162,WEB01,Low,None,None,None,None,Low,0.455,Medium,Synthetic vulnerability with easy exploitation conditions and possible limited operational impact.
V0163,EMP01,Low,Low,Required,None,None,None,0.112,Low,Synthetic vulnerability with easy exploitation conditions and possible limited operational impact.
V0164,APP01,Low,High,None,High,High,Low,0.302,High,"Synthetic vulnerability with easy exploitation conditions and possible data exposure, data modification."
V0165,AUTH01,Low,Low,None,Low,None,None,0.112,Low,Synthetic vulnerability with easy exploitation conditions and possible limited operational impact.
V0166,VPN01,High,None,None,None,Low,None,0.333,Low,Synthetic vulnerability with specific exploitation conditions and possible limited operational impact.
V0167,APP01,Low,Low,Required,High,Low,High,0.26,High,"Synthetic vulnerability with easy exploitation conditions and possible data exposure, service disruption."
V0168,EMP01,Low,Low,None,High,Low,High,0.228,High,"Synthetic vulnerability with easy exploitation conditions and possible data exposure, service disruption."
V0169,BACKUP01,High,None,None,High,Low,None,0.461,Medium,Synthetic vulnerability with specific exploitation conditions and possible data exposure.
V0170,WEB01,High,None,None,Low,None,None,0.919,Medium,Synthetic vulnerability with specific exploitation conditions and possible limited operational impact.
V0171,EMP01,Low,None,Required,None,High,None,0.111,Low,Synthetic vulnerability with easy exploitation conditions and possible data modification.
V0172,EMP01,High,Low,None,None,Low,None,0.849,Medium,Synthetic vulnerability with specific exploitation conditions and possible limited operational impact.
V0173,BACKUP01,Low,None,None,High,Low,Low,0.163,High,Synthetic vulnerability with easy exploitation conditions and possible data exposure.
V0174,BACKUP01,High,High,Required,None,None,None,0.454,Low,Synthetic vulnerability with specific exploitation conditions and possible limited operational impact.
V0175,APP01,High,Low,Required,High,None,Low,0.813,High,Synthetic vulnerability with specific exploitation conditions and possible data exposure.
V0176,APP01,Low,Low,Required,None,Low,None,0.414,Low,Synthetic vulnerability with easy exploitation conditions and possible limited operational impact.
V0177,AUTH01,High,None,Required,None,High,None,0.346,Medium,Synthetic vulnerability with specific exploitation conditions and possible data modification.
V0178,EMP01,Low,High,None,Low,High,High,0.739,Critical,"Synthetic vulnerability with easy exploitation conditions and possible data modification, service disruption."
V0179,DB01,High,None,None,High,None,Low,0.126,Medium,Synthetic vulnerability with specific exploitation conditions and possible data exposure.
V0180,VPN01,Low,High,Required,None,None,High,0.992,High,Synthetic vulnerability with easy exploitation conditions and possible service disruption.
V0181,AUTH01,Low,None,Required,None,Low,High,0.585,High,Synthetic vulnerability with easy exploitation conditions and possible service disruption.
V0182,VPN01,Low,Low,Required,None,High,Low,0.622,High,Synthetic vulnerability with easy exploitation conditions and possible data modification.
V0183,AUTH01,Low,None,Required,None,Low,Low,0.295,Medium,Synthetic vulnerability with easy exploitation conditions and possible limited operational impact.
V0184,EMP01,High,High,Required,None,None,None,0.231,Low,Synthetic vulnerability with specific exploitation conditions and possible limited operational impact.
V0185,VPN01,High,High,Required,None,Low,Low,0.554,Medium,Synthetic vulnerability with specific exploitation conditions and possible limited operational impact.
V0186,VPN01,Low,High,Required,Low,High,High,0.758,Critical,"Synthetic vulnerability with easy exploitation conditions and possible data modification, service disruption."
V0187,WEB01,High,High,None,Low,High,Low,0.012,Medium,Synthetic vulnerability with specific exploitation conditions and possible data modification.
V0188,WEB01,High,Low,Required,Low,Low,High,0.89,High,Synthetic vulnerability with specific exploitation conditions and possible service disruption.
V0189,APP01,High,Low,None,High,Low,None,0.962,High,Synthetic vulnerability with specific exploitation conditions and possible data exposure.
V0190,BACKUP01,Low,High,None,High,High,High,0.212,High,"Synthetic vulnerability with easy exploitation conditions and possible data exposure, data modification, service disruption."
V0191,AUTH01,Low,Low,Required,High,Low,High,0.379,High,"Synthetic vulnerability with easy exploitation conditions and possible data exposure, service disruption."
V0192,DB01,High,None,Required,Low,High,Low,0.57,High,Synthetic vulnerability with specific exploitation conditions and possible data modification.
V0193,VPN01,Low,None,Required,High,High,High,0.798,Critical,"Synthetic vulnerability with easy exploitation conditions and possible data exposure, data modification, service disruption."
V0194,WEB01,Low,None,None,Low,High,Low,0.979,Critical,Synthetic vulnerability with easy exploitation conditions and possible data modification.
V0195,EMP01,High,Low,Required,High,High,High,0.395,Critical,"Synthetic vulnerability with specific exploitation conditions and possible data exposure, data modification, service disruption."
V0196,AUTH01,Low,Low,Required,Low,Low,Low,0.602,High,Synthetic vulnerability with easy exploitation conditions and possible limited operational impact.
V0197,AUTH01,High,High,Required,Low,None,None,0.377,Low,Synthetic vulnerability with specific exploitation conditions and possible limited operational impact.
V0198,EMP01,Low,High,None,None,None,None,0.339,Low,Synthetic vulnerability with easy exploitation conditions and possible limited operational impact.
V0199,EMP01,Low,High,Required,None,None,None,0.754,Low,Synthetic vulnerability with easy exploitation conditions and possible limited operational impact.
V0200,APP01,High,Low,None,Low,None,High,0.522,Medium,Synthetic vulnerability with specific exploitation conditions and possible service disruption.
V0201,WEB01,Low,Low,None,None,None,None,0.481,Low,Synthetic vulnerability with easy exploitation conditions and possible limited operational impact.
V0202,WEB01,High,None,Required,High,Low,High,0.252,High,"Synthetic vulnerability with specific exploitation conditions and possible data exposure, service disruption."
V0203,WEB01,Low,None,None,High,None,High,0.902,Critical,"Synthetic vulnerability with easy exploitation conditions and possible data exposure, service disruption."
V0204,WEB01,High,Low,Required,Low,High,Low,0.138,Medium,Synthetic vulnerability with specific exploitation conditions and possible data modification.
V0205,DB01,High,None,None,Low,Low,None,0.846,High,Synthetic vulnerability with specific exploitation conditions and possible limited operational impact.
V0206,APP01,High,Low,Required,Low,None,None,0.16,Low,Synthetic vulnerability with specific exploitation conditions and possible limited operational impact.
V0207,DB01,Low,High,None,Low,Low,High,0.296,High,Synthetic vulnerability with easy exploitation conditions and possible service disruption.
V0208,DB01,Low,High,None,None,High,None,0.207,Medium,Synthetic vulnerability with easy exploitation conditions and possible data modification.
V0209,AUTH01,High,High,None,None,None,High,0.1,Low,Synthetic vulnerability with specific exploitation conditions and possible service disruption.
V0210,AUTH01,Low,None,Required,Low,None,Low,0.45,Medium,Synthetic vulnerability with easy exploitation conditions and possible limited operational impact.
V0211,DB01,Low,None,Required,High,None,High,0.875,Critical,"Synthetic vulnerability with easy exploitation conditions and possible data exposure, service disruption."
V0212,APP01,Low,Low,Required,High,None,None,0.161,Low,Synthetic vulnerability with easy exploitation conditions and possible data exposure.
V0213,APP01,Low,High,None,High,None,High,0.518,High,"Synthetic vulnerability with easy exploitation conditions and possible data exposure, service disruption."
V0214,VPN01,Low,Low,Required,Low,Low,High,0.132,Medium,Synthetic vulnerability with easy exploitation conditions and possible service disruption.
V0215,APP01,Low,None,None,High,None,Low,0.953,High,Synthetic vulnerability with easy exploitation conditions and possible data exposure.
V0216,APP01,Low,Low,Required,High,None,None,0.03,Low,Synthetic vulnerability with easy exploitation conditions and possible data exposure.
V0217,WEB01,Low,None,None,High,None,None,0.608,Medium,Synthetic vulnerability with easy exploitation conditions and possible data exposure.
V0218,APP01,Low,High,None,Low,Low,Low,0.989,High,Synthetic vulnerability with easy exploitation conditions and possible limited operational impact.
V0219,DB01,Low,High,Required,High,Low,Low,0.153,Medium,Synthetic vulnerability with easy exploitation conditions and possible data exposure.
V0220,AUTH01,High,High,None,Low,None,High,0.794,High,Synthetic vulnerability with specific exploitation conditions and possible service disruption.
V0221,APP01,High,Low,None,High,Low,High,0.212,High,"Synthetic vulnerability with specific exploitation conditions and possible data exposure, service disruption."
V0222,WEB01,High,Low,None,None,Low,High,0.993,High,Synthetic vulnerability with specific exploitation conditions and possible service disruption.
V0223,VPN01,Low,None,Required,None,Low,Low,0.129,Low,Synthetic vulnerability with easy exploitation conditions and possible limited operational impact.
V0224,BACKUP01,Low,High,Required,Low,Low,None,0.319,Medium,Synthetic vulnerability with easy exploitation conditions and possible limited operational impact.
V0225,WEB01,Low,High,Required,Low,None,Low,0.6,Medium,Synthetic vulnerability with easy exploitation conditions and possible limited operational impact.
V0226,APP01,Low,Low,Required,Low,Low,Low,0.678,High,Synthetic vulnerability with easy exploitation conditions and possible limited operational impact.
V0227,DB01,High,High,Required,None,High,Low,0.892,High,Synthetic vulnerability with specific exploitation conditions and possible data modification.
V0228,EMP01,High,None,Required,Low,Low,High,0.302,High,Synthetic vulnerability with specific exploitation conditions and possible service disruption.
V0229,BACKUP01,Low,High,Required,Low,High,High,0.403,High,"Synthetic vulnerability with easy exploitation conditions and possible data modification, service disruption."
V0230,BACKUP01,High,None,Required,Low,Low,High,0.419,High,Synthetic vulnerability with specific exploitation conditions and possible service disruption.
V0231,APP01,Low,Low,None,Low,High,Low,0.44,High,Synthetic vulnerability with easy exploitation conditions and possible data modification.
V0232,EMP01,Low,High,None,None,High,None,0.663,Medium,Synthetic vulnerability with easy exploitation conditions and possible data modification.
V0233,BACKUP01,Low,None,Required,None,High,None,0.778,Medium,Synthetic vulnerability with easy exploitation conditions and possible data modification.
V0234,WEB01,High,High,None,High,High,None,0.275,Medium,"Synthetic vulnerability with specific exploitation conditions and possible data exposure, data modification."
V0235,DB01,High,None,None,None,None,High,0.91,High,Synthetic vulnerability with specific exploitation conditions and possible service disruption.
V0236,BACKUP01,Low,High,Required,Low,High,High,0.61,High,"Synthetic vulnerability with easy exploitation conditions and possible data modification, service disruption."
V0237,VPN01,High,None,None,Low,None,None,0.976,Medium,Synthetic vulnerability with specific exploitation conditions and possible limited operational impact.
V0238,AUTH01,Low,Low,Required,Low,None,Low,0.875,High,Synthetic vulnerability with easy exploitation conditions and possible limited operational impact.
V0239,AUTH01,High,Low,None,Low,None,High,0.854,High,Synthetic vulnerability with specific exploitation conditions and possible service disruption.
V0240,EMP01,Low,High,Required,High,Low,Low,0.334,High,Synthetic vulnerability with easy exploitation conditions and possible data exposure.
V0241,BACKUP01,High,None,None,High,High,High,0.843,Critical,"Synthetic vulnerability with specific exploitation conditions and possible data exposure, data modification, service disruption."
V0242,DB01,High,None,Required,High,High,None,0.481,High,"Synthetic vulnerability with specific exploitation conditions and possible data exposure, data modification."
V0243,AUTH01,High,Low,Required,None,Low,Low,0.289,Medium,Synthetic vulnerability with specific exploitation conditions and possible limited operational impact.
V0244,APP01,Low,Low,Required,Low,Low,None,0.816,Medium,Synthetic vulnerability with easy exploitation conditions and possible limited operational impact.
V0245,VPN01,Low,High,Required,None,Low,None,0.336,Low,Synthetic vulnerability with easy exploitation conditions and possible limited operational impact.
V0246,DB01,High,None,Required,None,None,High,0.116,Low,Synthetic vulnerability with specific exploitation conditions and possible service disruption.
V0247,WEB01,Low,Low,None,High,None,None,0.154,Medium,Synthetic vulnerability with easy exploitation conditions and possible data exposure.
V0248,BACKUP01,Low,Low,Required,High,High,None,0.07,Medium,"Synthetic vulnerability with easy exploitation conditions and possible data exposure, data modification."
V0249,APP01,High,None,Required,High,None,None,0.885,Medium,Synthetic vulnerability with specific exploitation conditions and possible data exposure.
V0250,APP01,High,Low,None,High,High,Low,0.423,High,"Synthetic vulnerability with specific exploitation conditions and possible data exposure, data modification."
V0251,WEB01,High,Low,None,Low,None,High,0.653,High,Synthetic vulnerability with specific exploitation conditions and possible service disruption.
V0252,WEB01,High,None,Required,None,Low,None,0.728,Medium,Synthetic vulnerability with specific exploitation conditions and possible limited operational impact.
V0253,APP01,Low,High,None,None,None,Low,0.425,Low,Synthetic vulnerability with easy exploitation conditions and possible limited operational impact.
V0254,DB01,Low,Low,Required,High,Low,None,0.832,High,Synthetic vulnerability with easy exploitation conditions and possible data exposure.
V0255,DB01,High,High,Required,Low,Low,None,0.749,Medium,Synthetic vulnerability with specific exploitation conditions and possible limited operational impact.
V0256,APP01,High,None,None,None,High,None,0.879,High,Synthetic vulnerability with specific exploitation conditions and possible data modification.
V0257,VPN01,High,None,None,None,None,Low,0.068,Low,Synthetic vulnerability with specific exploitation conditions and possible limited operational impact.
V0258,DB01,Low,None,None,None,Low,High,0.035,Medium,Synthetic vulnerability with easy exploitation conditions and possible service disruption.
V0259,WEB01,Low,Low,Required,High,Low,None,0.147,Medium,Synthetic vulnerability with easy exploitation conditions and possible data exposure.
V0260,DB01,High,None,Required,Low,Low,Low,0.093,Medium,Synthetic vulnerability with specific exploitation conditions and possible limited operational impact.
V0261,APP01,Low,Low,Required,High,Low,None,0.752,High,Synthetic vulnerability with easy exploitation conditions and possible data exposure.
V0262,AUTH01,High,Low,Required,High,Low,None,0.219,Medium,Synthetic vulnerability with specific exploitation conditions and possible data exposure.
V0263,AUTH01,High,None,Required,High,High,None,0.086,Medium,"Synthetic vulnerability with specific exploitation conditions and possible data exposure, data modification."
V0264,AUTH01,Low,None,None,None,High,None,0.99,High,Synthetic vulnerability with easy exploitation conditions and possible data modification.
V0265,APP01,High,None,Required,Low,None,Low,0.393,Medium,Synthetic vulnerability with specific exploitation conditions and possible limited operational impact.
V0266,APP01,High,High,Required,High,High,Low,0.221,High,"Synthetic vulnerability with specific exploitation conditions and possible data exposure, data modification."
V0267,DB01,Low,Low,Required,None,None,High,0.566,Medium,Synthetic vulnerability with easy exploitation conditions and possible service disruption.
V0268,WEB01,High,Low,Required,Low,High,Low,0.049,Medium,Synthetic vulnerability with specific exploitation conditions and possible data modification.
V0269,APP01,High,Low,None,Low,Low,None,0.419,Medium,Synthetic vulnerability with specific exploitation conditions and possible limited operational impact.
V0270,AUTH01,High,None,Required,Low,Low,None,0.271,Medium,Synthetic vulnerability with specific exploitation conditions and possible limited operational impact.
V0271,DB01,Low,Low,None,None,Low,Low,0.677,Medium,Synthetic vulnerability with easy exploitation conditions and possible limited operational impact.
V0272,BACKUP01,Low,Low,None,None,None,Low,0.646,Medium,Synthetic vulnerability with easy exploitation conditions and possible limited operational impact.
V0273,DB01,High,None,Required,High,None,Low,0.476,Medium,Synthetic vulnerability with specific exploitation conditions and possible data exposure.
V0274,EMP01,High,Low,None,Low,None,Low,0.195,Low,Synthetic vulnerability with specific exploitation conditions and possible limited operational impact.
V0275,WEB01,Low,High,None,None,High,None,0.207,Medium,Synthetic vulnerability with easy exploitation conditions and possible data modification.
V0276,BACKUP01,Low,Low,None,None,None,Low,0.32,Low,Synthetic vulnerability with easy exploitation conditions and possible limited operational impact.
V0277,BACKUP01,Low,Low,None,None,Low,Low,0.265,Medium,Synthetic vulnerability with easy exploitation conditions and possible limited operational impact.
V0278,BACKUP01,High,Low,None,High,High,None,0.1,Medium,"Synthetic vulnerability with specific exploitation conditions and possible data exposure, data modification."
V0279,APP01,High,None,None,None,Low,Low,0.122,Low,Synthetic vulnerability with specific exploitation conditions and possible limited operational impact.
V0280,VPN01,High,High,Required,None,High,High,0.997,High,"Synthetic vulnerability with specific exploitation conditions and possible data modification, service disruption."
V0281,WEB01,Low,None,None,Low,None,None,0.949,Medium,Synthetic vulnerability with easy exploitation conditions and possible limited operational impact.
V0282,BACKUP01,High,High,Required,High,None,High,0.499,High,"Synthetic vulnerability with specific exploitation conditions and possible data exposure, service disruption."
V0283,DB01,High,Low,None,High,High,Low,0.398,High,"Synthetic vulnerability with specific exploitation conditions and possible data exposure, data modification."
V0284,APP01,High,Low,None,Low,None,None,0.103,Low,Synthetic vulnerability with specific exploitation conditions and possible limited operational impact.
V0285,VPN01,High,High,None,Low,Low,Low,0.409,Medium,Synthetic vulnerability with specific exploitation conditions and possible limited operational impact.
V0286,BACKUP01,Low,High,Required,Low,High,High,0.391,High,"Synthetic vulnerability with easy exploitation conditions and possible data modification, service disruption."
V0287,AUTH01,High,None,None,Low,High,Low,0.462,High,Synthetic vulnerability with specific exploitation conditions and possible data modification.
V0288,AUTH01,High,Low,Required,Low,None,High,0.379,Medium,Synthetic vulnerability with specific exploitation conditions and possible service disruption.
V0289,BACKUP01,High,None,None,None,Low,High,0.389,Medium,Synthetic vulnerability with specific exploitation conditions and possible service disruption.
V0290,APP01,Low,High,Required,High,High,Low,0.827,Critical,"Synthetic vulnerability with easy exploitation conditions and possible data exposure, data modification."
V0291,EMP01,High,High,None,Low,None,High,0.053,Medium,Synthetic vulnerability with specific exploitation conditions and possible service disruption.
V0292,EMP01,High,High,None,None,High,High,0.005,Medium,"Synthetic vulnerability with specific exploitation conditions and possible data modification, service disruption."
V0293,AUTH01,High,None,Required,High,High,Low,0.027,High,"Synthetic vulnerability with specific exploitation conditions and possible data exposure, data modification."
V0294,VPN01,High,None,Required,None,Low,None,0.005,Low,Synthetic vulnerability with specific exploitation conditions and possible limited operational impact.
V0295,DB01,High,High,Required,None,High,High,0.373,Medium,"Synthetic vulnerability with specific exploitation conditions and possible data modification, service disruption."
V0296,DB01,High,None,None,High,None,Low,0.497,Medium,Synthetic vulnerability with specific exploitation conditions and possible data exposure.
V0297,DB01,Low,Low,None,High,None,High,0.856,Critical,"Synthetic vulnerability with easy exploitation conditions and possible data exposure, service disruption."
V0298,AUTH01,Low,High,Required,High,High,Low,0.101,High,"Synthetic vulnerability with easy exploitation conditions and possible data exposure, data modification."
V0299,DB01,Low,High,Required,Low,None,Low,0.982,High,Synthetic vulnerability with easy exploitation conditions and possible limited operational impact.
V0300,AUTH01,High,High,None,High,Low,None,0.118,Medium,Synthetic vulnerability with specific exploitation conditions and possible data exposure.
V0301,DB01,High,High,None,High,None,None,0.304,Medium,Synthetic vulnerability with specific exploitation conditions and possible data exposure.
V0302,VPN01,High,None,None,High,Low,Low,0.69,High,Synthetic vulnerability with specific exploitation conditions and possible data exposure.
V0303,WEB01,High,None,Required,High,None,Low,0.619,High,Synthetic vulnerability with specific exploitation conditions and possible data exposure.
V0304,APP01,Low,Low,None,High,Low,High,0.14,High,"Synthetic vulnerability with easy exploitation conditions and possible data exposure, service disruption."
V0305,APP01,High,None,None,Low,None,None,0.947,Medium,Synthetic vulnerability with specific exploitation conditions and possible limited operational impact.
V0306,WEB01,Low,None,Required,Low,High,None,0.652,High,Synthetic vulnerability with easy exploitation conditions and possible data modification.
V0307,AUTH01,High,High,Required,Low,Low,Low,0.431,Medium,Synthetic vulnerability with specific exploitation conditions and possible limited operational impact.
V0308,BACKUP01,Low,None,Required,Low,High,Low,0.04,Medium,Synthetic vulnerability with easy exploitation conditions and possible data modification.
V0309,AUTH01,Low,High,Required,None,Low,High,0.045,Medium,Synthetic vulnerability with easy exploitation conditions and possible service disruption.
V0310,WEB01,High,High,Required,High,None,None,0.835,Medium,Synthetic vulnerability with specific exploitation conditions and possible data exposure.
V0311,EMP01,High,None,Required,Low,None,High,0.567,Medium,Synthetic vulnerability with specific exploitation conditions and possible service disruption.
V0312,BACKUP01,Low,High,None,High,None,None,0.311,Medium,Synthetic vulnerability with easy exploitation conditions and possible data exposure.
V0313,EMP01,High,None,Required,None,None,High,0.094,Low,Synthetic vulnerability with specific exploitation conditions and possible service disruption.
V0314,BACKUP01,High,None,Required,Low,High,None,0.842,High,Synthetic vulnerability with specific exploitation conditions and possible data modification.
V0315,AUTH01,Low,High,Required,None,High,High,0.546,High,"Synthetic vulnerability with easy exploitation conditions and possible data modification, service disruption."
V0316,EMP01,High,High,Required,None,High,Low,0.483,Medium,Synthetic vulnerability with specific exploitation conditions and possible data modification.
V0317,WEB01,Low,Low,Required,Low,None,Low,0.392,Medium,Synthetic vulnerability with easy exploitation conditions and possible limited operational impact.
V0318,VPN01,Low,High,None,Low,High,High,0.931,Critical,"Synthetic vulnerability with easy exploitation conditions and possible data modification, service disruption."
V0319,APP01,High,Low,None,None,None,None,0.206,Low,Synthetic vulnerability with specific exploitation conditions and possible limited operational impact.
V0320,BACKUP01,High,High,None,Low,Low,Low,0.977,High,Synthetic vulnerability with specific exploitation conditions and possible limited operational impact.
V0321,APP01,Low,None,Required,None,Low,None,0.063,Low,Synthetic vulnerability with easy exploitation conditions and possible limited operational impact.
V0322,VPN01,Low,None,Required,Low,High,None,0.626,High,Synthetic vulnerability with easy exploitation conditions and possible data modification.
V0323,EMP01,High,None,Required,High,High,Low,0.864,Critical,"Synthetic vulnerability with specific exploitation conditions and possible data exposure, data modification."
V0324,APP01,High,None,None,None,None,Low,0.438,Low,Synthetic vulnerability with specific exploitation conditions and possible limited operational impact.
V0325,AUTH01,High,High,Required,Low,None,High,0.54,Medium,Synthetic vulnerability with specific exploitation conditions and possible service disruption.
V0326,EMP01,Low,Low,None,None,Low,None,0.435,Medium,Synthetic vulnerability with easy exploitation conditions and possible limited operational impact.
V0327,DB01,High,None,Required,High,High,None,0.937,High,"Synthetic vulnerability with specific exploitation conditions and possible data exposure, data modification."
V0328,VPN01,Low,High,None,Low,Low,Low,0.508,Medium,Synthetic vulnerability with easy exploitation conditions and possible limited operational impact.
V0329,BACKUP01,High,Low,None,High,None,Low,0.478,Medium,Synthetic vulnerability with specific exploitation conditions and possible data exposure.
V0330,APP01,Low,High,None,High,Low,None,0.638,High,Synthetic vulnerability with easy exploitation conditions and possible data exposure.
V0331,APP01,High,None,Required,High,None,Low,0.897,High,Synthetic vulnerability with specific exploitation conditions and possible data exposure.
V0332,EMP01,Low,High,None,High,High,High,0.782,Critical,"Synthetic vulnerability with easy exploitation conditions and possible data exposure, data modification, service disruption."
V0333,AUTH01,High,Low,None,Low,None,High,0.631,High,Synthetic vulnerability with specific exploitation conditions and possible service disruption.
V0334,BACKUP01,Low,Low,Required,High,High,High,0.371,Critical,"Synthetic vulnerability with easy exploitation conditions and possible data exposure, data modification, service disruption."
V0335,VPN01,High,Low,Required,High,Low,Low,0.737,High,Synthetic vulnerability with specific exploitation conditions and possible data exposure.
V0336,WEB01,Low,Low,None,Low,High,Low,0.199,High,Synthetic vulnerability with easy exploitation conditions and possible data modification.
V0337,VPN01,Low,Low,None,High,None,High,0.273,High,"Synthetic vulnerability with easy exploitation conditions and possible data exposure, service disruption."
V0338,APP01,Low,None,Required,High,None,None,0.291,Medium,Synthetic vulnerability with easy exploitation conditions and possible data exposure.
V0339,DB01,Low,Low,None,High,High,High,0.708,Critical,"Synthetic vulnerability with easy exploitation conditions and possible data exposure, data modification, service disruption."
V0340,APP01,Low,High,None,High,Low,High,0.273,High,"Synthetic vulnerability with easy exploitation conditions and possible data exposure, service disruption."
V0341,APP01,Low,None,None,None,High,Low,0.705,High,Synthetic vulnerability with easy exploitation conditions and possible data modification.
V0342,DB01,Low,Low,None,None,High,Low,0.815,High,Synthetic vulnerability with easy exploitation conditions and possible data modification.
V0343,APP01,Low,Low,None,High,None,None,0.361,Medium,Synthetic vulnerability with easy exploitation conditions and possible data exposure.
V0344,APP01,Low,None,None,Low,Low,High,0.752,High,Synthetic vulnerability with easy exploitation conditions and possible service disruption.
V0345,EMP01,Low,None,None,None,Low,None,0.439,Medium,Synthetic vulnerability with easy exploitation conditions and possible limited operational impact.
V0346,DB01,Low,High,None,High,None,Low,0.93,High,Synthetic vulnerability with easy exploitation conditions and possible data exposure.
V0347,VPN01,Low,Low,Required,Low,None,High,0.999,High,Synthetic vulnerability with easy exploitation conditions and possible service disruption.
V0348,DB01,High,Low,Required,High,High,Low,0.461,High,"Synthetic vulnerability with specific exploitation conditions and possible data exposure, data modification."
V0349,VPN01,High,None,Required,None,Low,Low,0.494,Medium,Synthetic vulnerability with specific exploitation conditions and possible limited operational impact.
V0350,DB01,Low,Low,Required,High,Low,Low,0.109,Medium,Synthetic vulnerability with easy exploitation conditions and possible data exposure.
V0351,EMP01,High,None,None,High,None,High,0.995,Critical,"Synthetic vulnerability with specific exploitation conditions and possible data exposure, service disruption."
V0352,AUTH01,High,None,Required,None,None,None,0.268,Low,Synthetic vulnerability with specific exploitation conditions and possible limited operational impact.
V0353,EMP01,High,Low,Required,High,Low,Low,0.557,High,Synthetic vulnerability with specific exploitation conditions and possible data exposure.
V0354,WEB01,Low,None,None,None,None,High,0.949,High,Synthetic vulnerability with easy exploitation conditions and possible service disruption.
V0355,DB01,High,Low,None,High,None,High,0.192,Medium,"Synthetic vulnerability with specific exploitation conditions and possible data exposure, service disruption."
V0356,BACKUP01,Low,None,Required,High,None,High,0.14,Medium,"Synthetic vulnerability with easy exploitation conditions and possible data exposure, service disruption."
V0357,AUTH01,Low,High,Required,High,Low,None,0.276,Medium,Synthetic vulnerability with easy exploitation conditions and possible data exposure.
V0358,VPN01,High,Low,None,None,Low,High,0.253,Medium,Synthetic vulnerability with specific exploitation conditions and possible service disruption.
V0359,DB01,High,High,Required,High,Low,Low,0.835,High,Synthetic vulnerability with specific exploitation conditions and possible data exposure.
V0360,BACKUP01,Low,High,None,Low,Low,Low,0.039,Medium,Synthetic vulnerability with easy exploitation conditions and possible limited operational impact.
V0361,WEB01,Low,None,Required,Low,High,High,0.089,High,"Synthetic vulnerability with easy exploitation conditions and possible data modification, service disruption."
V0362,APP01,Low,Low,Required,None,Low,None,0.195,Low,Synthetic vulnerability with easy exploitation conditions and possible limited operational impact.
V0363,DB01,High,Low,None,Low,High,High,0.642,Critical,"Synthetic vulnerability with specific exploitation conditions and possible data modification, service disruption."
V0364,AUTH01,High,None,Required,None,Low,Low,0.923,High,Synthetic vulnerability with specific exploitation conditions and possible limited operational impact.
V0365,AUTH01,Low,None,Required,High,None,High,0.098,Medium,"Synthetic vulnerability with easy exploitation conditions and possible data exposure, service disruption."
V0366,VPN01,Low,None,None,None,None,Low,0.289,Low,Synthetic vulnerability with easy exploitation conditions and possible limited operational impact.
V0367,EMP01,Low,High,None,High,Low,High,0.266,High,"Synthetic vulnerability with easy exploitation conditions and possible data exposure, service disruption."
V0368,BACKUP01,Low,None,None,None,None,None,0.402,Low,Synthetic vulnerability with easy exploitation conditions and possible limited operational impact.
V0369,WEB01,High,None,None,High,Low,Low,0.035,Medium,Synthetic vulnerability with specific exploitation conditions and possible data exposure.
V0370,APP01,Low,High,Required,Low,High,None,0.917,High,Synthetic vulnerability with easy exploitation conditions and possible data modification.
V0371,BACKUP01,High,High,None,High,None,None,0.051,Low,Synthetic vulnerability with specific exploitation conditions and possible data exposure.
V0372,DB01,High,Low,None,None,Low,Low,0.128,Low,Synthetic vulnerability with specific exploitation conditions and possible limited operational impact.
V0373,WEB01,Low,High,None,High,None,High,0.441,High,"Synthetic vulnerability with easy exploitation conditions and possible data exposure, service disruption."
V0374,DB01,High,None,Required,High,High,None,0.749,High,"Synthetic vulnerability with specific exploitation conditions and possible data exposure, data modification."
V0375,EMP01,High,None,None,None,High,None,0.503,Medium,Synthetic vulnerability with specific exploitation conditions and possible data modification.
V0376,DB01,High,Low,Required,High,Low,High,0.913,Critical,"Synthetic vulnerability with specific exploitation conditions and possible data exposure, service disruption."
V0377,DB01,High,None,Required,High,None,High,0.523,High,"Synthetic vulnerability with specific exploitation conditions and possible data exposure, service disruption."
V0378,DB01,Low,Low,Required,Low,High,None,0.918,High,Synthetic vulnerability with easy exploitation conditions and possible data modification.
V0379,WEB01,Low,High,None,Low,Low,Low,0.474,Medium,Synthetic vulnerability with easy exploitation conditions and possible limited operational impact.
V0380,BACKUP01,High,None,None,Low,Low,Low,0.284,Medium,Synthetic vulnerability with specific exploitation conditions and possible limited operational impact.
V0381,DB01,High,High,Required,Low,Low,High,0.884,High,Synthetic vulnerability with specific exploitation conditions and possible service disruption.
V0382,EMP01,Low,None,Required,None,Low,None,0.658,Medium,Synthetic vulnerability with easy exploitation conditions and possible limited operational impact.
V0383,AUTH01,High,High,Required,None,Low,None,0.712,Medium,Synthetic vulnerability with specific exploitation conditions and possible limited operational impact.
V0384,AUTH01,High,Low,None,Low,None,Low,0.865,Medium,Synthetic vulnerability with specific exploitation conditions and possible limited operational impact.
V0385,AUTH01,High,None,Required,Low,Low,High,0.051,Medium,Synthetic vulnerability with specific exploitation conditions and possible service disruption.
V0386,DB01,High,Low,None,Low,High,None,0.886,High,Synthetic vulnerability with specific exploitation conditions and possible data modification.
V0387,DB01,Low,None,Required,Low,Low,High,0.246,High,Synthetic vulnerability with easy exploitation conditions and possible service disruption.
V0388,EMP01,Low,Low,None,Low,High,Low,0.636,High,Synthetic vulnerability with easy exploitation conditions and possible data modification.
V0389,WEB01,Low,High,Required,Low,None,Low,0.45,Medium,Synthetic vulnerability with easy exploitation conditions and possible limited operational impact.
V0390,DB01,High,None,None,None,High,High,0.35,High,"Synthetic vulnerability with specific exploitation conditions and possible data modification, service disruption."
V0391,EMP01,High,Low,None,None,None,High,0.903,High,Synthetic vulnerability with specific exploitation conditions and possible service disruption.
V0392,APP01,High,High,None,High,None,None,0.09,Low,Synthetic vulnerability with specific exploitation conditions and possible data exposure.
V0393,WEB01,Low,None,None,None,None,High,0.074,Medium,Synthetic vulnerability with easy exploitation conditions and possible service disruption.
V0394,DB01,Low,Low,Required,High,Low,None,0.631,High,Synthetic vulnerability with easy exploitation conditions and possible data exposure.
V0395,AUTH01,Low,High,None,Low,Low,Low,0.713,High,Synthetic vulnerability with easy exploitation conditions and possible limited operational impact.
V0396,APP01,Low,High,None,None,Low,None,0.797,Medium,Synthetic vulnerability with easy exploitation conditions and possible limited operational impact.
V0397,EMP01,High,None,None,None,High,None,0.842,High,Synthetic vulnerability with specific exploitation conditions and possible data modification.
V0398,WEB01,Low,High,Required,Low,High,High,0.765,Critical,"Synthetic vulnerability with easy exploitation conditions and possible data modification, service disruption."
V0399,WEB01,Low,None,Required,None,Low,High,0.91,High,Synthetic vulnerability with easy exploitation conditions and possible service disruption.
V0400,VPN01,Low,High,Required,None,None,Low,0.622,Medium,Synthetic vulnerability with easy exploitation conditions and possible limited operational impact.
V0401,EMP01,Low,Low,None,Low,High,None,0.694,High,Synthetic vulnerability with easy exploitation conditions and possible data modification.
V0402,VPN01,High,Low,Required,Low,None,High,0.409,Medium,Synthetic vulnerability with specific exploitation conditions and possible service disruption.
V0403,DB01,Low,None,Required,None,None,Low,0.743,Medium,Synthetic vulnerability with easy exploitation conditions and possible limited operational impact.
V0404,DB01,Low,High,Required,Low,Low,None,0.473,Medium,Synthetic vulnerability with easy exploitation conditions and possible limited operational impact.
V0405,BACKUP01,High,Low,None,Low,High,High,0.492,High,"Synthetic vulnerability with specific exploitation conditions and possible data modification, service disruption."
V0406,WEB01,High,Low,Required,High,High,None,0.516,High,"Synthetic vulnerability with specific exploitation conditions and possible data exposure, data modification."
V0407,BACKUP01,High,Low,Required,High,Low,Low,0.468,High,Synthetic vulnerability with specific exploitation conditions and possible data exposure.
V0408,APP01,High,Low,None,Low,None,Low,0.095,Low,Synthetic vulnerability with specific exploitation conditions and possible limited operational impact.
V0409,EMP01,High,None,Required,Low,Low,High,0.733,High,Synthetic vulnerability with specific exploitation conditions and possible service disruption.
V0410,BACKUP01,Low,None,Required,High,None,None,0.167,Medium,Synthetic vulnerability with easy exploitation conditions and possible data exposure.
V0411,AUTH01,Low,Low,None,None,Low,Low,0.412,Medium,Synthetic vulnerability with easy exploitation conditions and possible limited operational impact.
V0412,VPN01,High,None,None,None,High,High,0.756,High,"Synthetic vulnerability with specific exploitation conditions and possible data modification, service disruption."
V0413,AUTH01,Low,High,None,High,High,None,0.287,High,"Synthetic vulnerability with easy exploitation conditions and possible data exposure, data modification."
V0414,BACKUP01,Low,High,None,Low,Low,High,0.99,Critical,Synthetic vulnerability with easy exploitation conditions and possible service disruption.
V0415,AUTH01,Low,Low,None,Low,High,High,0.933,Critical,"Synthetic vulnerability with easy exploitation conditions and possible data modification, service disruption."
V0416,AUTH01,Low,Low,Required,High,High,None,0.44,High,"Synthetic vulnerability with easy exploitation conditions and possible data exposure, data modification."
V0417,BACKUP01,Low,High,None,High,High,High,0.798,Critical,"Synthetic vulnerability with easy exploitation conditions and possible data exposure, data modification, service disruption."
V0418,VPN01,Low,None,None,Low,Low,None,0.506,Medium,Synthetic vulnerability with easy exploitation conditions and possible limited operational impact.
V0419,AUTH01,High,Low,None,Low,High,High,0.334,High,"Synthetic vulnerability with specific exploitation conditions and possible data modification, service disruption."
V0420,DB01,Low,Low,None,Low,None,Low,0.446,Medium,Synthetic vulnerability with easy exploitation conditions and possible limited operational impact.
V0421,BACKUP01,Low,None,None,High,High,Low,0.021,High,"Synthetic vulnerability with easy exploitation conditions and possible data exposure, data modification."
V0422,APP01,Low,None,None,None,Low,High,0.065,Medium,Synthetic vulnerability with easy exploitation conditions and possible service disruption.
V0423,WEB01,Low,None,Required,Low,High,None,0.849,High,Synthetic vulnerability with easy exploitation conditions and possible data modification.
V0424,VPN01,Low,Low,Required,None,Low,High,0.072,Medium,Synthetic vulnerability with easy exploitation conditions and possible service disruption.
V0425,EMP01,Low,High,Required,High,None,None,0.179,Low,Synthetic vulnerability with easy exploitation conditions and possible data exposure.
V0426,APP01,High,Low,Required,High,None,High,0.66,High,"Synthetic vulnerability with specific exploitation conditions and possible data exposure, service disruption."
V0427,VPN01,Low,High,None,Low,High,High,0.494,High,"Synthetic vulnerability with easy exploitation conditions and possible data modification, service disruption."
V0428,APP01,Low,High,None,High,Low,High,0.046,High,"Synthetic vulnerability with easy exploitation conditions and possible data exposure, service disruption."
V0429,VPN01,Low,Low,None,High,Low,None,0.439,Medium,Synthetic vulnerability with easy exploitation conditions and possible data exposure.
V0430,DB01,High,None,Required,Low,High,Low,0.712,High,Synthetic vulnerability with specific exploitation conditions and possible data modification.
V0431,APP01,Low,None,Required,Low,Low,Low,0.246,Medium,Synthetic vulnerability with easy exploitation conditions and possible limited operational impact.
V0432,AUTH01,Low,High,None,Low,Low,None,0.177,Low,Synthetic vulnerability with easy exploitation conditions and possible limited operational impact.
V0433,VPN01,Low,High,Required,High,Low,None,0.93,High,Synthetic vulnerability with easy exploitation conditions and possible data exposure.
V0434,WEB01,Low,None,Required,Low,High,Low,0.763,High,Synthetic vulnerability with easy exploitation conditions and possible data modification.
V0435,DB01,High,High,None,High,None,High,0.55,High,"Synthetic vulnerability with specific exploitation conditions and possible data exposure, service disruption."
V0436,EMP01,Low,None,Required,None,Low,High,0.417,Medium,Synthetic vulnerability with easy exploitation conditions and possible service disruption.
V0437,EMP01,High,Low,Required,None,Low,High,0.075,Medium,Synthetic vulnerability with specific exploitation conditions and possible service disruption.
V0438,VPN01,High,None,Required,Low,Low,High,0.312,High,Synthetic vulnerability with specific exploitation conditions and possible service disruption.
V0439,AUTH01,High,High,None,High,None,Low,0.175,Medium,Synthetic vulnerability with specific exploitation conditions and possible data exposure.
V0440,DB01,Low,High,None,Low,High,Low,0.215,Medium,Synthetic vulnerability with easy exploitation conditions and possible data modification.
V0441,EMP01,High,High,Required,Low,None,High,0.242,Medium,Synthetic vulnerability with specific exploitation conditions and possible service disruption.
V0442,EMP01,High,Low,Required,None,None,None,0.987,Medium,Synthetic vulnerability with specific exploitation conditions and possible limited operational impact.
V0443,AUTH01,High,None,None,None,High,High,0.34,High,"Synthetic vulnerability with specific exploitation conditions and possible data modification, service disruption."
V0444,APP01,Low,Low,None,High,High,None,0.335,High,"Synthetic vulnerability with easy exploitation conditions and possible data exposure, data modification."
V0445,DB01,Low,High,Required,Low,None,High,0.446,Medium,Synthetic vulnerability with easy exploitation conditions and possible service disruption.
V0446,BACKUP01,High,None,Required,None,None,Low,0.489,Low,Synthetic vulnerability with specific exploitation conditions and possible limited operational impact.
V0447,VPN01,Low,None,None,None,None,High,0.047,Low,Synthetic vulnerability with easy exploitation conditions and possible service disruption.
V0448,AUTH01,Low,Low,None,None,Low,High,0.522,High,Synthetic vulnerability with easy exploitation conditions and possible service disruption.
V0449,AUTH01,Low,None,None,None,High,Low,0.374,Medium,Synthetic vulnerability with easy exploitation conditions and possible data modification.
V0450,APP01,High,High,None,Low,None,Low,0.457,Medium,Synthetic vulnerability with specific exploitation conditions and possible limited operational impact.
V0451,APP01,Low,Low,Required,High,None,Low,0.53,Medium,Synthetic vulnerability with easy exploitation conditions and possible data exposure.
V0452,AUTH01,High,None,None,Low,Low,High,0.421,High,Synthetic vulnerability with specific exploitation conditions and possible service disruption.
V0453,BACKUP01,High,None,None,High,High,High,0.022,High,"Synthetic vulnerability with specific exploitation conditions and possible data exposure, data modification, service disruption."
V0454,DB01,High,None,Required,High,None,High,0.632,High,"Synthetic vulnerability with specific exploitation conditions and possible data exposure, service disruption."
V0455,BACKUP01,Low,High,Required,High,High,None,0.445,High,"Synthetic vulnerability with easy exploitation conditions and possible data exposure, data modification."
V0456,BACKUP01,High,Low,None,High,Low,None,0.016,Medium,Synthetic vulnerability with specific exploitation conditions and possible data exposure.
V0457,APP01,Low,Low,None,High,Low,None,0.48,High,Synthetic vulnerability with easy exploitation conditions and possible data exposure.
V0458,WEB01,High,None,None,None,None,None,0.945,Medium,Synthetic vulnerability with specific exploitation conditions and possible limited operational impact.
V0459,WEB01,High,None,Required,Low,None,None,0.424,Low,Synthetic vulnerability with specific exploitation conditions and possible limited operational impact.
V0460,APP01,High,High,Required,High,High,High,0.505,Critical,"Synthetic vulnerability with specific exploitation conditions and possible data exposure, data modification, service disruption."
V0461,BACKUP01,High,High,None,Low,None,None,0.855,Medium,Synthetic vulnerability with specific exploitation conditions and possible limited operational impact.
V0462,APP01,Low,None,Required,High,High,None,0.301,High,"Synthetic vulnerability with easy exploitation conditions and possible data exposure, data modification."
V0463,VPN01,Low,None,None,Low,Low,None,0.68,Medium,Synthetic vulnerability with easy exploitation conditions and possible limited operational impact.
V0464,AUTH01,Low,Low,Required,Low,None,Low,0.349,Medium,Synthetic vulnerability with easy exploitation conditions and possible limited operational impact.
V0465,WEB01,Low,High,None,Low,Low,Low,0.853,High,Synthetic vulnerability with easy exploitation conditions and possible limited operational impact.
V0466,AUTH01,High,None,None,None,High,Low,0.039,Medium,Synthetic vulnerability with specific exploitation conditions and possible data modification.
V0467,AUTH01,High,Low,Required,None,High,None,0.747,Medium,Synthetic vulnerability with specific exploitation conditions and possible data modification.
V0468,EMP01,Low,None,Required,High,High,None,0.71,High,"Synthetic vulnerability with easy exploitation conditions and possible data exposure, data modification."
V0469,WEB01,Low,High,Required,High,Low,Low,0.163,Medium,Synthetic vulnerability with easy exploitation conditions and possible data exposure.
V0470,EMP01,High,High,Required,High,None,Low,0.014,Low,Synthetic vulnerability with specific exploitation conditions and possible data exposure.
V0471,DB01,Low,High,Required,None,None,None,0.108,Low,Synthetic vulnerability with easy exploitation conditions and possible limited operational impact.
V0472,APP01,Low,Low,None,High,None,Low,0.193,Medium,Synthetic vulnerability with easy exploitation conditions and possible data exposure.
V0473,AUTH01,High,Low,None,Low,High,Low,0.328,High,Synthetic vulnerability with specific exploitation conditions and possible data modification.
V0474,DB01,Low,Low,None,None,None,None,0.991,Medium,Synthetic vulnerability with easy exploitation conditions and possible limited operational impact.
V0475,WEB01,Low,High,None,Low,High,Low,0.315,High,Synthetic vulnerability with easy exploitation conditions and possible data modification.
V0476,BACKUP01,High,None,Required,High,High,Low,0.434,High,"Synthetic vulnerability with specific exploitation conditions and possible data exposure, data modification."
V0477,VPN01,Low,High,Required,High,High,None,0.929,High,"Synthetic vulnerability with easy exploitation conditions and possible data exposure, data modification."
V0478,WEB01,Low,High,Required,Low,High,None,0.656,High,Synthetic vulnerability with easy exploitation conditions and possible data modification.
V0479,VPN01,Low,None,Required,High,High,High,0.602,Critical,"Synthetic vulnerability with easy exploitation conditions and possible data exposure, data modification, service disruption."
V0480,AUTH01,High,Low,None,High,None,High,0.042,Medium,"Synthetic vulnerability with specific exploitation conditions and possible data exposure, service disruption."
V0481,WEB01,High,Low,None,None,High,Low,0.425,Medium,Synthetic vulnerability with specific exploitation conditions and possible data modification.
V0482,AUTH01,High,None,None,High,High,High,0.328,Critical,"Synthetic vulnerability with specific exploitation conditions and possible data exposure, data modification, service disruption."
V0483,WEB01,High,Low,None,Low,Low,None,0.503,Medium,Synthetic vulnerability with specific exploitation conditions and possible limited operational impact.
V0484,AUTH01,Low,High,None,Low,Low,Low,0.824,High,Synthetic vulnerability with easy exploitation conditions and possible limited operational impact.
V0485,EMP01,High,None,Required,High,None,High,0.968,Critical,"Synthetic vulnerability with specific exploitation conditions and possible data exposure, service disruption."
V0486,APP01,High,None,None,High,Low,Low,0.818,High,Synthetic vulnerability with specific exploitation conditions and possible data exposure.
V0487,AUTH01,Low,Low,None,None,None,High,0.115,Medium,Synthetic vulnerability with easy exploitation conditions and possible service disruption.
V0488,EMP01,High,Low,Required,None,None,Low,0.816,Medium,Synthetic vulnerability with specific exploitation conditions and possible limited operational impact.
V0489,AUTH01,Low,None,Required,Low,None,None,0.663,Medium,Synthetic vulnerability with easy exploitation conditions and possible limited operational impact.
V0490,APP01,Low,Low,Required,None,High,None,0.323,Medium,Synthetic vulnerability with easy exploitation conditions and possible data modification.
V0491,EMP01,Low,Low,None,High,Low,Low,0.156,Medium,Synthetic vulnerability with easy exploitation conditions and possible data exposure.
V0492,BACKUP01,Low,High,Required,High,Low,None,0.482,Medium,Synthetic vulnerability with easy exploitation conditions and possible data exposure.
V0493,EMP01,High,High,Required,None,High,None,0.93,Medium,Synthetic vulnerability with specific exploitation conditions and possible data modification.
V0494,VPN01,High,Low,None,None,Low,High,0.416,Medium,Synthetic vulnerability with specific exploitation conditions and possible service disruption.
V0495,EMP01,Low,None,Required,High,High,None,0.705,High,"Synthetic vulnerability with easy exploitation conditions and possible data exposure, data modification."
V0496,AUTH01,Low,Low,None,None,Low,None,0.655,Medium,Synthetic vulnerability with easy exploitation conditions and possible limited operational impact.
V0497,VPN01,Low,None,Required,High,High,High,0.876,Critical,"Synthetic vulnerability with easy exploitation conditions and possible data exposure, data modification, service disruption."
V0498,VPN01,Low,High,None,High,Low,High,0.297,High,"Synthetic vulnerability with easy exploitation conditions and possible data exposure, service disruption."
V0499,APP01,High,None,None,Low,Low,None,0.386,Medium,Synthetic vulnerability with specific exploitation conditions and possible limited operational impact.
V0500,AUTH01,Low,High,None,None,Low,None,0.345,Low,Synthetic vulnerability with easy exploitation conditions and possible limited operational impact.
V0501,APP01,High,Low,Required,High,None,Low,0.588,Medium,Synthetic vulnerability with specific exploitation conditions and possible data exposure.
V0502,DB01,High,None,Required,None,High,High,0.059,Medium,"Synthetic vulnerability with specific exploitation conditions and possible data modification, service disruption."
V0503,WEB01,High,Low,Required,High,Low,High,0.458,High,"Synthetic vulnerability with specific exploitation conditions and possible data exposure, service disruption."
V0504,DB01,Low,Low,Required,None,None,High,0.508,Medium,Synthetic vulnerability with easy exploitation conditions and possible service disruption.
V0505,VPN01,Low,High,Required,High,Low,Low,0.612,High,Synthetic vulnerability with easy exploitation conditions and possible data exposure.
V0506,WEB01,High,Low,Required,Low,High,None,0.556,Medium,Synthetic vulnerability with specific exploitation conditions and possible data modification.
V0507,WEB01,High,None,None,High,High,Low,0.42,High,"Synthetic vulnerability with specific exploitation conditions and possible data exposure, data modification."
V0508,APP01,Low,High,None,High,High,None,0.094,Medium,"Synthetic vulnerability with easy exploitation conditions and possible data exposure, data modification."
V0509,APP01,Low,High,Required,High,None,None,0.292,Medium,Synthetic vulnerability with easy exploitation conditions and possible data exposure.
V0510,AUTH01,High,None,Required,Low,Low,None,0.299,Medium,Synthetic vulnerability with specific exploitation conditions and possible limited operational impact.
V0511,BACKUP01,High,None,None,High,Low,None,0.005,Medium,Synthetic vulnerability with specific exploitation conditions and possible data exposure.
V0512,VPN01,High,High,Required,None,High,None,0.486,Medium,Synthetic vulnerability with specific exploitation conditions and possible data modification.
V0513,AUTH01,High,Low,None,None,High,Low,0.431,Medium,Synthetic vulnerability with specific exploitation conditions and possible data modification.
V0514,WEB01,High,Low,Required,Low,High,High,0.385,High,"Synthetic vulnerability with specific exploitation conditions and possible data modification, service disruption."
V0515,WEB01,Low,None,Required,Low,None,None,0.175,Low,Synthetic vulnerability with easy exploitation conditions and possible limited operational impact.
V0516,WEB01,High,High,None,Low,High,High,0.067,High,"Synthetic vulnerability with specific exploitation conditions and possible data modification, service disruption."
V0517,AUTH01,Low,Low,Required,None,None,None,0.986,Medium,Synthetic vulnerability with easy exploitation conditions and possible limited operational impact.
V0518,VPN01,Low,None,None,None,Low,Low,0.58,Medium,Synthetic vulnerability with easy exploitation conditions and possible limited operational impact.
V0519,WEB01,Low,Low,None,High,None,None,0.428,Medium,Synthetic vulnerability with easy exploitation conditions and possible data exposure.
V0520,VPN01,High,None,Required,High,Low,Low,0.069,Medium,Synthetic vulnerability with specific exploitation conditions and possible data exposure.
V0521,WEB01,Low,None,Required,None,Low,High,0.288,Medium,Synthetic vulnerability with easy exploitation conditions and possible service disruption.
V0522,DB01,High,None,None,High,High,High,0.089,High,"Synthetic vulnerability with specific exploitation conditions and possible data exposure, data modification, service disruption."
V0523,VPN01,Low,None,Required,None,Low,High,0.235,Medium,Synthetic vulnerability with easy exploitation conditions and possible service disruption.
V0524,VPN01,High,High,None,None,High,High,0.501,High,"Synthetic vulnerability with specific exploitation conditions and possible data modification, service disruption."
V0525,AUTH01,High,High,None,None,Low,High,0.052,Medium,Synthetic vulnerability with specific exploitation conditions and possible service disruption.
V0526,EMP01,Low,None,Required,None,Low,High,0.263,Medium,Synthetic vulnerability with easy exploitation conditions and possible service disruption.
V0527,AUTH01,High,Low,None,Low,Low,Low,0.462,Medium,Synthetic vulnerability with specific exploitation conditions and possible limited operational impact.
V0528,AUTH01,Low,High,None,High,None,High,0.15,Medium,"Synthetic vulnerability with easy exploitation conditions and possible data exposure, service disruption."
V0529,BACKUP01,High,High,None,Low,Low,None,0.694,Medium,Synthetic vulnerability with specific exploitation conditions and possible limited operational impact.
V0530,WEB01,High,None,None,Low,None,Low,0.047,Low,Synthetic vulnerability with specific exploitation conditions and possible limited operational impact.
V0531,WEB01,Low,High,None,High,None,None,0.748,Medium,Synthetic vulnerability with easy exploitation conditions and possible data exposure.
V0532,AUTH01,Low,High,Required,Low,High,High,0.011,High,"Synthetic vulnerability with easy exploitation conditions and possible data modification, service disruption."
V0533,VPN01,Low,Low,None,High,High,None,0.189,High,"Synthetic vulnerability with easy exploitation conditions and possible data exposure, data modification."
V0534,DB01,Low,Low,Required,Low,Low,None,0.753,Medium,Synthetic vulnerability with easy exploitation conditions and possible limited operational impact.
V0535,DB01,Low,High,None,High,None,None,0.556,Medium,Synthetic vulnerability with easy exploitation conditions and possible data exposure.
V0536,EMP01,Low,High,None,Low,High,Low,0.975,Critical,Synthetic vulnerability with easy exploitation conditions and possible data modification.
V0537,AUTH01,Low,Low,None,Low,High,Low,0.107,Medium,Synthetic vulnerability with easy exploitation conditions and possible data modification.
V0538,BACKUP01,Low,High,Required,None,None,High,0.124,Low,Synthetic vulnerability with easy exploitation conditions and possible service disruption.
V0539,BACKUP01,Low,None,Required,High,High,None,0.9,Critical,"Synthetic vulnerability with easy exploitation conditions and possible data exposure, data modification."
V0540,EMP01,High,None,None,None,High,High,0.757,High,"Synthetic vulnerability with specific exploitation conditions and possible data modification, service disruption."
V0541,BACKUP01,Low,High,Required,High,High,Low,0.322,High,"Synthetic vulnerability with easy exploitation conditions and possible data exposure, data modification."
V0542,EMP01,High,None,Required,None,Low,None,0.437,Low,Synthetic vulnerability with specific exploitation conditions and possible limited operational impact.
V0543,EMP01,High,High,None,High,Low,None,0.202,Medium,Synthetic vulnerability with specific exploitation conditions and possible data exposure.
V0544,WEB01,High,Low,None,High,Low,None,0.404,Medium,Synthetic vulnerability with specific exploitation conditions and possible data exposure.
V0545,APP01,High,Low,Required,Low,Low,Low,0.72,High,Synthetic vulnerability with specific exploitation conditions and possible limited operational impact.
V0546,VPN01,High,None,Required,High,Low,High,0.606,High,"Synthetic vulnerability with specific exploitation conditions and possible data exposure, service disruption."
V0547,VPN01,High,None,None,None,High,Low,0.873,High,Synthetic vulnerability with specific exploitation conditions and possible data modification.
V0548,APP01,High,None,None,Low,Low,None,0.734,Medium,Synthetic vulnerability with specific exploitation conditions and possible limited operational impact.
V0549,DB01,High,High,None,Low,High,Low,0.339,High,Synthetic vulnerability with specific exploitation conditions and possible data modification.
V0550,VPN01,Low,High,Required,None,High,Low,0.368,Medium,Synthetic vulnerability with easy exploitation conditions and possible data modification.
V0551,BACKUP01,Low,None,Required,None,Low,None,0.373,Low,Synthetic vulnerability with easy exploitation conditions and possible limited operational impact.
V0552,WEB01,High,Low,Required,High,None,High,0.338,High,"Synthetic vulnerability with specific exploitation conditions and possible data exposure, service disruption."
V0553,EMP01,Low,High,Required,Low,High,High,0.803,Critical,"Synthetic vulnerability with easy exploitation conditions and possible data modification, service disruption."
V0554,AUTH01,Low,High,Required,High,High,None,0.051,Medium,"Synthetic vulnerability with easy exploitation conditions and possible data exposure, data modification."
V0555,EMP01,High,High,Required,High,Low,Low,0.552,High,Synthetic vulnerability with specific exploitation conditions and possible data exposure.
V0556,WEB01,Low,High,Required,High,Low,None,0.683,High,Synthetic vulnerability with easy exploitation conditions and possible data exposure.
V0557,EMP01,High,High,None,High,High,None,0.053,Medium,"Synthetic vulnerability with specific exploitation conditions and possible data exposure, data modification."
V0558,EMP01,High,Low,Required,None,Low,High,0.463,Medium,Synthetic vulnerability with specific exploitation conditions and possible service disruption.
V0559,AUTH01,High,Low,Required,None,None,None,0.233,Low,Synthetic vulnerability with specific exploitation conditions and possible limited operational impact.
V0560,VPN01,High,Low,None,None,None,High,0.215,Medium,Synthetic vulnerability with specific exploitation conditions and possible service disruption.
V0561,AUTH01,Low,None,None,Low,High,Low,0.626,High,Synthetic vulnerability with easy exploitation conditions and possible data modification.
V0562,BACKUP01,High,Low,None,High,High,None,0.829,High,"Synthetic vulnerability with specific exploitation conditions and possible data exposure, data modification."
V0563,VPN01,Low,Low,Required,Low,Low,Low,0.69,High,Synthetic vulnerability with easy exploitation conditions and possible limited operational impact.
V0564,DB01,Low,None,Required,High,Low,None,0.377,Medium,Synthetic vulnerability with easy exploitation conditions and possible data exposure.
V0565,VPN01,Low,None,Required,Low,None,Low,0.437,Medium,Synthetic vulnerability with easy exploitation conditions and possible limited operational impact.
V0566,AUTH01,Low,High,None,None,Low,High,0.97,High,Synthetic vulnerability with easy exploitation conditions and possible service disruption.
V0567,APP01,Low,None,Required,None,High,None,0.543,Medium,Synthetic vulnerability with easy exploitation conditions and possible data modification.
V0568,APP01,Low,None,Required,High,High,None,0.693,High,"Synthetic vulnerability with easy exploitation conditions and possible data exposure, data modification."
V0569,DB01,High,None,None,None,None,Low,0.031,Low,Synthetic vulnerability with specific exploitation conditions and possible limited operational impact.
V0570,VPN01,High,Low,Required,None,High,None,0.604,Medium,Synthetic vulnerability with specific exploitation conditions and possible data modification.
V0571,WEB01,Low,Low,None,None,High,None,0.655,Medium,Synthetic vulnerability with easy exploitation conditions and possible data modification.
V0572,DB01,High,Low,None,Low,Low,Low,0.827,High,Synthetic vulnerability with specific exploitation conditions and possible limited operational impact.
V0573,BACKUP01,Low,Low,None,Low,None,High,0.859,High,Synthetic vulnerability with easy exploitation conditions and possible service disruption.
V0574,DB01,Low,None,Required,Low,None,None,0.077,Low,Synthetic vulnerability with easy exploitation conditions and possible limited operational impact.
V0575,APP01,High,None,None,None,Low,Low,0.334,Medium,Synthetic vulnerability with specific exploitation conditions and possible limited operational impact.
V0576,DB01,Low,None,None,None,Low,High,0.893,High,Synthetic vulnerability with easy exploitation conditions and possible service disruption.
V0577,VPN01,High,Low,Required,None,High,None,0.913,Medium,Synthetic vulnerability with specific exploitation conditions and possible data modification.
V0578,BACKUP01,Low,Low,None,High,High,Low,0.411,High,"Synthetic vulnerability with easy exploitation conditions and possible data exposure, data modification."
V0579,WEB01,High,High,Required,Low,High,High,0.032,Medium,"Synthetic vulnerability with specific exploitation conditions and possible data modification, service disruption."
V0580,EMP01,Low,Low,Required,High,None,High,0.351,High,"Synthetic vulnerability with easy exploitation conditions and possible data exposure, service disruption."
V0581,WEB01,Low,High,Required,High,Low,Low,0.773,High,Synthetic vulnerability with easy exploitation conditions and possible data exposure.
V0582,BACKUP01,Low,None,None,None,None,Low,0.823,Medium,Synthetic vulnerability with easy exploitation conditions and possible limited operational impact.
V0583,EMP01,High,High,None,High,High,High,0.228,High,"Synthetic vulnerability with specific exploitation conditions and possible data exposure, data modification, service disruption."
V0584,VPN01,High,High,Required,None,Low,High,0.343,Medium,Synthetic vulnerability with specific exploitation conditions and possible service disruption.
V0585,DB01,Low,None,Required,None,High,None,0.497,Medium,Synthetic vulnerability with easy exploitation conditions and possible data modification.
V0586,VPN01,High,Low,Required,High,Low,None,0.464,Medium,Synthetic vulnerability with specific exploitation conditions and possible data exposure.
V0587,DB01,High,None,None,High,Low,None,0.717,High,Synthetic vulnerability with specific exploitation conditions and possible data exposure.
V0588,AUTH01,High,High,Required,None,High,None,0.882,Medium,Synthetic vulnerability with specific exploitation conditions and possible data modification.
V0589,WEB01,Low,High,Required,High,None,Low,0.846,High,Synthetic vulnerability with easy exploitation conditions and possible data exposure.
V0590,DB01,High,None,None,None,High,Low,0.453,Medium,Synthetic vulnerability with specific exploitation conditions and possible data modification.
V0591,DB01,High,High,None,Low,Low,Low,0.106,Medium,Synthetic vulnerability with specific exploitation conditions and possible limited operational impact.
V0592,AUTH01,Low,None,Required,High,Low,High,0.246,High,"Synthetic vulnerability with easy exploitation conditions and possible data exposure, service disruption."
V0593,DB01,Low,Low,Required,High,Low,High,0.07,High,"Synthetic vulnerability with easy exploitation conditions and possible data exposure, service disruption."
V0594,VPN01,High,Low,None,None,Low,Low,0.399,Medium,Synthetic vulnerability with specific exploitation conditions and possible limited operational impact.
V0595,DB01,Low,Low,None,Low,None,Low,0.472,Medium,Synthetic vulnerability with easy exploitation conditions and possible limited operational impact.
V0596,DB01,High,High,Required,None,Low,Low,0.854,Medium,Synthetic vulnerability with specific exploitation conditions and possible limited operational impact.
V0597,AUTH01,Low,None,None,Low,Low,None,0.739,High,Synthetic vulnerability with easy exploitation conditions and possible limited operational impact.
V0598,VPN01,Low,High,Required,None,None,Low,0.949,Medium,Synthetic vulnerability with easy exploitation conditions and possible limited operational impact.
V0599,APP01,Low,Low,None,High,None,High,0.875,Critical,"Synthetic vulnerability with easy exploitation conditions and possible data exposure, service disruption."
V0600,AUTH01,Low,High,Required,Low,None,High,0.871,High,Synthetic vulnerability with easy exploitation conditions and possible service disruption.
V0601,VPN01,High,High,Required,Low,None,Low,0.812,Medium,Synthetic vulnerability with specific exploitation conditions and possible limited operational impact.
V0602,APP01,High,None,None,Low,High,None,0.17,Medium,Synthetic vulnerability with specific exploitation conditions and possible data modification.
V0603,DB01,High,Low,Required,High,None,None,0.25,Low,Synthetic vulnerability with specific exploitation conditions and possible data exposure.
V0604,VPN01,Low,None,Required,High,None,None,0.991,High,Synthetic vulnerability with easy exploitation conditions and possible data exposure.
V0605,APP01,Low,None,None,Low,Low,Low,0.807,High,Synthetic vulnerability with easy exploitation conditions and possible limited operational impact.
V0606,DB01,Low,High,None,Low,None,None,0.785,Medium,Synthetic vulnerability with easy exploitation conditions and possible limited operational impact.
V0607,EMP01,Low,None,None,Low,Low,High,0.003,Medium,Synthetic vulnerability with easy exploitation conditions and possible service disruption.
V0608,APP01,Low,None,Required,None,Low,Low,0.46,Medium,Synthetic vulnerability with easy exploitation conditions and possible limited operational impact.
V0609,BACKUP01,High,None,None,Low,None,High,0.575,High,Synthetic vulnerability with specific exploitation conditions and possible service disruption.
V0610,DB01,Low,None,Required,Low,None,None,0.361,Low,Synthetic vulnerability with easy exploitation conditions and possible limited operational impact.
V0611,BACKUP01,Low,High,None,None,High,None,0.497,Medium,Synthetic vulnerability with easy exploitation conditions and possible data modification.
V0612,DB01,Low,High,None,None,High,Low,0.081,Medium,Synthetic vulnerability with easy exploitation conditions and possible data modification.
V0613,VPN01,High,High,None,High,High,High,0.698,Critical,"Synthetic vulnerability with specific exploitation conditions and possible data exposure, data modification, service disruption."
V0614,BACKUP01,High,Low,Required,Low,Low,High,0.101,Medium,Synthetic vulnerability with specific exploitation conditions and possible service disruption.
V0615,WEB01,High,None,None,None,Low,High,0.445,Medium,Synthetic vulnerability with specific exploitation conditions and possible service disruption.
V0616,APP01,High,None,Required,High,High,None,0.8,High,"Synthetic vulnerability with specific exploitation conditions and possible data exposure, data modification."
V0617,EMP01,Low,High,None,None,None,High,0.355,Medium,Synthetic vulnerability with easy exploitation conditions and possible service disruption.
V0618,WEB01,High,Low,Required,None,None,Low,0.117,Low,Synthetic vulnerability with specific exploitation conditions and possible limited operational impact.
V0619,DB01,High,None,None,Low,None,Low,0.217,Medium,Synthetic vulnerability with specific exploitation conditions and possible limited operational impact.
V0620,BACKUP01,High,None,Required,High,Low,Low,0.385,High,Synthetic vulnerability with specific exploitation conditions and possible data exposure.
V0621,DB01,High,High,Required,None,Low,High,0.988,High,Synthetic vulnerability with specific exploitation conditions and possible service disruption.
V0622,AUTH01,High,None,Required,Low,Low,High,0.679,High,Synthetic vulnerability with specific exploitation conditions and possible service disruption.
V0623,VPN01,High,High,None,High,None,Low,0.061,Medium,Synthetic vulnerability with specific exploitation conditions and possible data exposure.
V0624,AUTH01,High,Low,None,None,None,Low,0.731,Medium,Synthetic vulnerability with specific exploitation conditions and possible limited operational impact.
V0625,APP01,High,None,Required,None,None,None,0.873,Medium,Synthetic vulnerability with specific exploitation conditions and possible limited operational impact.
V0626,VPN01,High,Low,None,Low,None,Low,0.283,Medium,Synthetic vulnerability with specific exploitation conditions and possible limited operational impact.
V0627,EMP01,High,Low,None,Low,None,High,0.288,Medium,Synthetic vulnerability with specific exploitation conditions and possible service disruption.
V0628,BACKUP01,High,Low,None,High,High,High,0.739,Critical,"Synthetic vulnerability with specific exploitation conditions and possible data exposure, data modification, service disruption."
V0629,WEB01,Low,Low,None,None,High,High,0.736,High,"Synthetic vulnerability with easy exploitation conditions and possible data modification, service disruption."
V0630,DB01,Low,High,None,Low,Low,None,0.684,Medium,Synthetic vulnerability with easy exploitation conditions and possible limited operational impact.
V0631,EMP01,Low,Low,Required,Low,Low,None,0.372,Medium,Synthetic vulnerability with easy exploitation conditions and possible limited operational impact.
V0632,VPN01,Low,None,Required,Low,Low,Low,0.245,Medium,Synthetic vulnerability with easy exploitation conditions and possible limited operational impact.
V0633,WEB01,High,None,None,Low,High,None,0.064,Medium,Synthetic vulnerability with specific exploitation conditions and possible data modification.
V0634,VPN01,High,High,None,Low,Low,None,0.815,Medium,Synthetic vulnerability with specific exploitation conditions and possible limited operational impact.
V0635,BACKUP01,Low,None,Required,High,None,High,0.661,High,"Synthetic vulnerability with easy exploitation conditions and possible data exposure, service disruption."
V0636,AUTH01,Low,None,Required,None,Low,High,0.525,High,Synthetic vulnerability with easy exploitation conditions and possible service disruption.
V0637,DB01,Low,None,Required,None,Low,Low,0.124,Low,Synthetic vulnerability with easy exploitation conditions and possible limited operational impact.
V0638,WEB01,Low,Low,Required,None,High,None,0.621,Medium,Synthetic vulnerability with easy exploitation conditions and possible data modification.
V0639,BACKUP01,High,Low,None,None,Low,None,0.118,Low,Synthetic vulnerability with specific exploitation conditions and possible limited operational impact.
V0640,VPN01,Low,None,None,None,Low,None,0.001,Low,Synthetic vulnerability with easy exploitation conditions and possible limited operational impact.
V0641,VPN01,Low,None,None,None,None,Low,0.329,Low,Synthetic vulnerability with easy exploitation conditions and possible limited operational impact.
V0642,BACKUP01,High,None,None,Low,None,Low,0.108,Low,Synthetic vulnerability with specific exploitation conditions and possible limited operational impact.
V0643,EMP01,High,None,None,None,High,High,0.618,High,"Synthetic vulnerability with specific exploitation conditions and possible data modification, service disruption."
V0644,BACKUP01,High,Low,Required,High,None,Low,0.204,Medium,Synthetic vulnerability with specific exploitation conditions and possible data exposure.
V0645,AUTH01,High,Low,Required,Low,None,Low,0.931,Medium,Synthetic vulnerability with specific exploitation conditions and possible limited operational impact.
V0646,EMP01,Low,Low,Required,Low,Low,High,0.968,Critical,Synthetic vulnerability with easy exploitation conditions and possible service disruption.
V0647,BACKUP01,High,None,None,High,Low,Low,0.704,High,Synthetic vulnerability with specific exploitation conditions and possible data exposure.
V0648,VPN01,Low,Low,Required,None,High,None,0.155,Low,Synthetic vulnerability with easy exploitation conditions and possible data modification.
V0649,DB01,High,None,None,High,High,None,0.709,High,"Synthetic vulnerability with specific exploitation conditions and possible data exposure, data modification."
V0650,EMP01,High,Low,None,High,None,None,0.06,Low,Synthetic vulnerability with specific exploitation conditions and possible data exposure.
V0651,AUTH01,Low,Low,None,High,Low,Low,0.365,High,Synthetic vulnerability with easy exploitation conditions and possible data exposure.
V0652,VPN01,High,Low,Required,Low,None,High,0.882,High,Synthetic vulnerability with specific exploitation conditions and possible service disruption.
V0653,BACKUP01,High,High,Required,Low,High,None,0.086,Medium,Synthetic vulnerability with specific exploitation conditions and possible data modification.
V0654,APP01,Low,Low,None,None,High,High,0.815,High,"Synthetic vulnerability with easy exploitation conditions and possible data modification, service disruption."
V0655,VPN01,High,None,Required,None,High,Low,0.324,Medium,Synthetic vulnerability with specific exploitation conditions and possible data modification.
V0656,APP01,High,None,Required,Low,High,High,0.777,Critical,"Synthetic vulnerability with specific exploitation conditions and possible data modification, service disruption."
V0657,EMP01,Low,None,None,High,High,Low,0.336,High,"Synthetic vulnerability with easy exploitation conditions and possible data exposure, data modification."
V0658,BACKUP01,Low,Low,None,None,None,High,0.797,High,Synthetic vulnerability with easy exploitation conditions and possible service disruption.
V0659,BACKUP01,High,High,Required,None,High,Low,0.257,Medium,Synthetic vulnerability with specific exploitation conditions and possible data modification.
V0660,EMP01,High,Low,None,High,None,None,0.183,Low,Synthetic vulnerability with specific exploitation conditions and possible data exposure.
V0661,BACKUP01,Low,Low,None,Low,None,None,0.931,Medium,Synthetic vulnerability with easy exploitation conditions and possible limited operational impact.
V0662,EMP01,High,Low,Required,None,Low,High,0.716,High,Synthetic vulnerability with specific exploitation conditions and possible service disruption.
V0663,DB01,High,High,None,Low,High,None,0.1,Medium,Synthetic vulnerability with specific exploitation conditions and possible data modification.
V0664,WEB01,High,None,None,High,None,Low,0.549,High,Synthetic vulnerability with specific exploitation conditions and possible data exposure.
V0665,WEB01,High,None,None,Low,Low,High,0.822,High,Synthetic vulnerability with specific exploitation conditions and possible service disruption.
V0666,VPN01,Low,High,Required,High,Low,None,0.655,High,Synthetic vulnerability with easy exploitation conditions and possible data exposure.
V0667,EMP01,Low,None,Required,High,High,None,0.829,High,"Synthetic vulnerability with easy exploitation conditions and possible data exposure, data modification."
V0668,WEB01,High,Low,None,None,High,None,0.774,Medium,Synthetic vulnerability with specific exploitation conditions and possible data modification.
V0669,APP01,High,Low,Required,None,None,None,0.751,Low,Synthetic vulnerability with specific exploitation conditions and possible limited operational impact.
V0670,EMP01,Low,None,Required,Low,High,Low,0.279,High,Synthetic vulnerability with easy exploitation conditions and possible data modification.
V0671,VPN01,High,High,Required,High,None,None,0.326,Low,Synthetic vulnerability with specific exploitation conditions and possible data exposure.
V0672,VPN01,Low,Low,None,Low,High,Low,0.571,High,Synthetic vulnerability with easy exploitation conditions and possible data modification.
V0673,WEB01,Low,None,None,None,Low,None,0.86,Medium,Synthetic vulnerability with easy exploitation conditions and possible limited operational impact.
V0674,WEB01,High,Low,None,Low,High,Low,0.254,Medium,Synthetic vulnerability with specific exploitation conditions and possible data modification.
V0675,BACKUP01,Low,None,None,High,None,High,0.618,High,"Synthetic vulnerability with easy exploitation conditions and possible data exposure, service disruption."
V0676,AUTH01,Low,None,None,Low,Low,High,0.924,Critical,Synthetic vulnerability with easy exploitation conditions and possible service disruption.
V0677,APP01,High,High,None,Low,Low,High,0.975,High,Synthetic vulnerability with specific exploitation conditions and possible service disruption.
V0678,APP01,Low,None,Required,High,High,High,0.887,Critical,"Synthetic vulnerability with easy exploitation conditions and possible data exposure, data modification, service disruption."
V0679,BACKUP01,Low,None,Required,Low,None,High,0.615,High,Synthetic vulnerability with easy exploitation conditions and possible service disruption.
V0680,APP01,Low,Low,Required,None,None,High,0.27,Medium,Synthetic vulnerability with easy exploitation conditions and possible service disruption.
V0681,AUTH01,Low,Low,Required,Low,None,None,0.883,Medium,Synthetic vulnerability with easy exploitation conditions and possible limited operational impact.
V0682,APP01,Low,None,None,High,Low,Low,0.732,High,Synthetic vulnerability with easy exploitation conditions and possible data exposure.
V0683,VPN01,Low,Low,None,None,Low,High,0.816,High,Synthetic vulnerability with easy exploitation conditions and possible service disruption.
V0684,AUTH01,High,None,Required,None,High,Low,0.611,High,Synthetic vulnerability with specific exploitation conditions and possible data modification.
V0685,APP01,Low,Low,Required,None,None,None,0.114,Low,Synthetic vulnerability with easy exploitation conditions and possible limited operational impact.
V0686,AUTH01,High,None,Required,High,High,Low,0.205,High,"Synthetic vulnerability with specific exploitation conditions and possible data exposure, data modification."
V0687,APP01,Low,Low,Required,Low,High,High,0.875,Critical,"Synthetic vulnerability with easy exploitation conditions and possible data modification, service disruption."
V0688,VPN01,High,None,Required,Low,High,None,0.047,Medium,Synthetic vulnerability with specific exploitation conditions and possible data modification.
V0689,BACKUP01,Low,None,None,Low,Low,None,0.17,Medium,Synthetic vulnerability with easy exploitation conditions and possible limited operational impact.
V0690,DB01,High,None,None,None,High,High,0.641,High,"Synthetic vulnerability with specific exploitation conditions and possible data modification, service disruption."
V0691,WEB01,Low,High,Required,None,High,Low,0.187,Medium,Synthetic vulnerability with easy exploitation conditions and possible data modification.
V0692,EMP01,High,None,None,High,None,Low,0.656,High,Synthetic vulnerability with specific exploitation conditions and possible data exposure.
V0693,DB01,Low,Low,None,Low,None,None,0.673,Medium,Synthetic vulnerability with easy exploitation conditions and possible limited operational impact.
V0694,AUTH01,Low,High,None,Low,None,High,0.331,Medium,Synthetic vulnerability with easy exploitation conditions and possible service disruption.
V0695,APP01,High,Low,None,None,High,None,0.542,Medium,Synthetic vulnerability with specific exploitation conditions and possible data modification.
V0696,AUTH01,Low,Low,Required,High,High,None,0.901,High,"Synthetic vulnerability with easy exploitation conditions and possible data exposure, data modification."
V0697,VPN01,High,None,Required,None,None,High,0.761,Medium,Synthetic vulnerability with specific exploitation conditions and possible service disruption.
V0698,AUTH01,High,Low,None,None,High,None,0.303,Medium,Synthetic vulnerability with specific exploitation conditions and possible data modification.
V0699,AUTH01,High,None,None,High,None,None,0.827,High,Synthetic vulnerability with specific exploitation conditions and possible data exposure.
V0700,BACKUP01,High,None,Required,None,High,None,0.184,Low,Synthetic vulnerability with specific exploitation conditions and possible data modification.
V0701,AUTH01,Low,None,None,Low,None,Low,0.124,Medium,Synthetic vulnerability with easy exploitation conditions and possible limited operational impact.
V0702,WEB01,Low,Low,None,None,None,High,0.916,High,Synthetic vulnerability with easy exploitation conditions and possible service disruption.
V0703,EMP01,Low,None,Required,None,High,Low,0.987,High,Synthetic vulnerability with easy exploitation conditions and possible data modification.
V0704,WEB01,High,None,Required,High,Low,High,0.507,High,"Synthetic vulnerability with specific exploitation conditions and possible data exposure, service disruption."
V0705,APP01,Low,None,Required,None,High,High,0.864,Critical,"Synthetic vulnerability with easy exploitation conditions and possible data modification, service disruption."
V0706,AUTH01,Low,Low,Required,None,Low,High,0.555,High,Synthetic vulnerability with easy exploitation conditions and possible service disruption.
V0707,AUTH01,High,None,Required,None,Low,High,0.762,High,Synthetic vulnerability with specific exploitation conditions and possible service disruption.
V0708,BACKUP01,High,High,Required,High,Low,Low,0.417,High,Synthetic vulnerability with specific exploitation conditions and possible data exposure.
V0709,EMP01,Low,None,None,None,None,None,0.095,Low,Synthetic vulnerability with easy exploitation conditions and possible limited operational impact.
V0710,EMP01,Low,None,Required,High,High,High,0.146,High,"Synthetic vulnerability with easy exploitation conditions and possible data exposure, data modification, service disruption."
V0711,AUTH01,Low,None,Required,None,Low,High,0.76,High,Synthetic vulnerability with easy exploitation conditions and possible service disruption.
V0712,EMP01,High,None,None,High,High,High,0.195,High,"Synthetic vulnerability with specific exploitation conditions and possible data exposure, data modification, service disruption."
V0713,WEB01,Low,Low,None,Low,None,Low,0.112,Low,Synthetic vulnerability with easy exploitation conditions and possible limited operational impact.
V0714,AUTH01,Low,None,None,None,Low,High,0.898,High,Synthetic vulnerability with easy exploitation conditions and possible service disruption.
V0715,AUTH01,High,Low,None,Low,None,High,0.879,High,Synthetic vulnerability with specific exploitation conditions and possible service disruption.
V0716,WEB01,Low,None,Required,None,None,None,0.696,Low,Synthetic vulnerability with easy exploitation conditions and possible limited operational impact.
V0717,VPN01,Low,None,None,Low,High,Low,0.228,High,Synthetic vulnerability with easy exploitation conditions and possible data modification.
V0718,WEB01,Low,High,Required,Low,High,None,0.96,High,Synthetic vulnerability with easy exploitation conditions and possible data modification.
V0719,VPN01,Low,Low,None,Low,High,High,0.704,Critical,"Synthetic vulnerability with easy exploitation conditions and possible data modification, service disruption."
V0720,AUTH01,High,None,None,Low,Low,None,0.105,Low,Synthetic vulnerability with specific exploitation conditions and possible limited operational impact.
V0721,APP01,High,Low,None,None,None,None,0.094,Low,Synthetic vulnerability with specific exploitation conditions and possible limited operational impact.
V0722,AUTH01,Low,High,Required,None,Low,None,0.09,Low,Synthetic vulnerability with easy exploitation conditions and possible limited operational impact.
V0723,VPN01,Low,Low,None,Low,Low,High,0.579,High,Synthetic vulnerability with easy exploitation conditions and possible service disruption.
V0724,DB01,Low,None,None,None,High,Low,0.497,High,Synthetic vulnerability with easy exploitation conditions and possible data modification.
V0725,WEB01,High,None,None,None,Low,Low,0.072,Low,Synthetic vulnerability with specific exploitation conditions and possible limited operational impact.
V0726,APP01,High,None,Required,High,Low,Low,0.944,High,Synthetic vulnerability with specific exploitation conditions and possible data exposure.
V0727,APP01,Low,None,Required,None,None,None,0.367,Low,Synthetic vulnerability with easy exploitation conditions and possible limited operational impact.
V0728,AUTH01,Low,Low,Required,Low,High,High,0.521,High,"Synthetic vulnerability with easy exploitation conditions and possible data modification, service disruption."
V0729,BACKUP01,High,Low,None,High,High,High,0.59,Critical,"Synthetic vulnerability with specific exploitation conditions and possible data exposure, data modification, service disruption."
V0730,WEB01,High,Low,None,None,High,Low,0.855,High,Synthetic vulnerability with specific exploitation conditions and possible data modification.
V0731,WEB01,High,High,Required,Low,High,High,0.439,High,"Synthetic vulnerability with specific exploitation conditions and possible data modification, service disruption."
V0732,WEB01,High,None,Required,High,High,High,0.11,High,"Synthetic vulnerability with specific exploitation conditions and possible data exposure, data modification, service disruption."
V0733,VPN01,Low,High,None,Low,High,None,0.834,High,Synthetic vulnerability with easy exploitation conditions and possible data modification.
V0734,DB01,High,Low,Required,None,High,High,0.516,High,"Synthetic vulnerability with specific exploitation conditions and possible data modification, service disruption."
V0735,BACKUP01,Low,None,Required,Low,High,None,0.659,High,Synthetic vulnerability with easy exploitation conditions and possible data modification.
V0736,WEB01,Low,Low,Required,None,High,High,0.85,High,"Synthetic vulnerability with easy exploitation conditions and possible data modification, service disruption."
V0737,EMP01,Low,None,None,Low,High,None,0.878,High,Synthetic vulnerability with easy exploitation conditions and possible data modification.
V0738,VPN01,High,Low,Required,High,Low,None,0.985,High,Synthetic vulnerability with specific exploitation conditions and possible data exposure.
V0739,VPN01,Low,None,Required,None,None,Low,0.329,Low,Synthetic vulnerability with easy exploitation conditions and possible limited operational impact.
V0740,AUTH01,High,None,Required,High,High,None,0.822,High,"Synthetic vulnerability with specific exploitation conditions and possible data exposure, data modification."
V0741,APP01,Low,High,Required,Low,Low,None,0.035,Low,Synthetic vulnerability with easy exploitation conditions and possible limited operational impact.
V0742,BACKUP01,High,Low,Required,None,High,None,0.02,Low,Synthetic vulnerability with specific exploitation conditions and possible data modification.
V0743,AUTH01,Low,None,Required,High,None,High,0.62,High,"Synthetic vulnerability with easy exploitation conditions and possible data exposure, service disruption."
V0744,VPN01,Low,Low,None,High,High,High,0.447,Critical,"Synthetic vulnerability with easy exploitation conditions and possible data exposure, data modification, service disruption."
V0745,APP01,High,High,None,High,None,High,0.564,High,"Synthetic vulnerability with specific exploitation conditions and possible data exposure, service disruption."
V0746,VPN01,Low,Low,Required,None,High,High,0.7,High,"Synthetic vulnerability with easy exploitation conditions and possible data modification, service disruption."
V0747,VPN01,High,Low,None,Low,High,None,0.856,High,Synthetic vulnerability with specific exploitation conditions and possible data modification.
V0748,VPN01,High,None,Required,High,High,Low,0.868,Critical,"Synthetic vulnerability with specific exploitation conditions and possible data exposure, data modification."
V0749,EMP01,Low,None,Required,None,None,Low,0.164,Low,Synthetic vulnerability with easy exploitation conditions and possible limited operational impact.
V0750,VPN01,High,None,None,Low,High,High,0.886,Critical,"Synthetic vulnerability with specific exploitation conditions and possible data modification, service disruption."
V0751,WEB01,High,High,None,High,High,High,0.39,Critical,"Synthetic vulnerability with specific exploitation conditions and possible data exposure, data modification, service disruption."
V0752,VPN01,High,High,None,None,None,None,0.22,Low,Synthetic vulnerability with specific exploitation conditions and possible limited operational impact.
V0753,EMP01,Low,High,Required,None,Low,None,0.246,Low,Synthetic vulnerability with easy exploitation conditions and possible limited operational impact.
V0754,AUTH01,Low,High,Required,None,Low,None,0.247,Low,Synthetic vulnerability with easy exploitation conditions and possible limited operational impact.
V0755,BACKUP01,High,None,Required,None,High,None,0.159,Low,Synthetic vulnerability with specific exploitation conditions and possible data modification.
V0756,DB01,High,High,Required,High,High,Low,0.802,Critical,"Synthetic vulnerability with specific exploitation conditions and possible data exposure, data modification."
V0757,DB01,High,High,None,Low,High,High,0.799,Critical,"Synthetic vulnerability with specific exploitation conditions and possible data modification, service disruption."
V0758,DB01,Low,High,Required,None,None,None,0.25,Low,Synthetic vulnerability with easy exploitation conditions and possible limited operational impact.
V0759,DB01,High,High,Required,None,Low,None,0.085,Low,Synthetic vulnerability with specific exploitation conditions and possible limited operational impact.
V0760,BACKUP01,Low,Low,None,None,None,None,0.165,Low,Synthetic vulnerability with easy exploitation conditions and possible limited operational impact.
V0761,DB01,Low,High,None,None,Low,None,0.249,Low,Synthetic vulnerability with easy exploitation conditions and possible limited operational impact.
V0762,AUTH01,Low,Low,Required,None,None,High,0.023,Low,Synthetic vulnerability with easy exploitation conditions and possible service disruption.
V0763,APP01,Low,High,Required,Low,None,None,0.016,Low,Synthetic vulnerability with easy exploitation conditions and possible limited operational impact.
V0764,WEB01,Low,None,None,Low,None,None,0.157,Low,Synthetic vulnerability with easy exploitation conditions and possible limited operational impact.
V0765,BACKUP01,High,High,None,None,None,Low,0.028,Low,Synthetic vulnerability with specific exploitation conditions and possible limited operational impact.
V0766,BACKUP01,Low,Low,None,None,None,None,0.02,Low,Synthetic vulnerability with easy exploitation conditions and possible limited operational impact.
V0767,BACKUP01,High,Low,None,High,Low,High,0.713,Critical,"Synthetic vulnerability with specific exploitation conditions and possible data exposure, service disruption."
V0768,BACKUP01,Low,Low,Required,High,Low,High,0.62,Critical,"Synthetic vulnerability with easy exploitation conditions and possible data exposure, service disruption."
V0769,WEB01,Low,None,Required,High,High,High,0.53,Critical,"Synthetic vulnerability with easy exploitation conditions and possible data exposure, data modification, service disruption."
V0770,BACKUP01,Low,High,Required,None,Low,None,0.207,Low,Synthetic vulnerability with easy exploitation conditions and possible limited operational impact.
V0771,AUTH01,High,None,Required,Low,None,None,0.343,Low,Synthetic vulnerability with specific exploitation conditions and possible limited operational impact.
V0772,AUTH01,High,High,None,None,Low,Low,0.13,Low,Synthetic vulnerability with specific exploitation conditions and possible limited operational impact.
V0773,EMP01,Low,Low,Required,None,None,Low,0.143,Low,Synthetic vulnerability with easy exploitation conditions and possible limited operational impact.
V0774,WEB01,Low,None,None,None,Low,None,0.22,Low,Synthetic vulnerability with easy exploitation conditions and possible limited operational impact.
V0775,VPN01,Low,Low,None,High,Low,High,0.98,Critical,"Synthetic vulnerability with easy exploitation conditions and possible data exposure, service disruption."
V0776,APP01,Low,High,None,High,None,None,0.014,Low,Synthetic vulnerability with easy exploitation conditions and possible data exposure.
V0777,AUTH01,Low,Low,Required,None,None,Low,0.152,Low,Synthetic vulnerability with easy exploitation conditions and possible limited operational impact.
V0778,DB01,High,High,None,High,None,None,0.222,Low,Synthetic vulnerability with specific exploitation conditions and possible data exposure.
V0779,DB01,Low,Low,Required,None,None,Low,0.313,Low,Synthetic vulnerability with easy exploitation conditions and possible limited operational impact.
V0780,WEB01,High,None,Required,None,Low,None,0.178,Low,Synthetic vulnerability with specific exploitation conditions and possible limited operational impact.
V0781,BACKUP01,Low,Low,None,None,None,High,0.095,Low,Synthetic vulnerability with easy exploitation conditions and possible service disruption.
V0782,VPN01,High,Low,Required,High,High,Low,0.768,Critical,"Synthetic vulnerability with specific exploitation conditions and possible data exposure, data modification."
V0783,AUTH01,High,Low,Required,High,Low,High,0.887,Critical,"Synthetic vulnerability with specific exploitation conditions and possible data exposure, service disruption."
V0784,VPN01,Low,Low,Required,Low,None,None,0.479,Low,Synthetic vulnerability with easy exploitation conditions and possible limited operational impact.
V0785,WEB01,Low,Low,None,Low,None,Low,0.02,Low,Synthetic vulnerability with easy exploitation conditions and possible limited operational impact.
V0786,EMP01,Low,Low,None,None,None,None,0.435,Low,Synthetic vulnerability with easy exploitation conditions and possible limited operational impact.
V0787,BACKUP01,High,High,Required,None,High,None,0.07,Low,Synthetic vulnerability with specific exploitation conditions and possible data modification.
V0788,VPN01,Low,None,None,Low,High,High,0.836,Critical,"Synthetic vulnerability with easy exploitation conditions and possible data modification, service disruption."
V0789,VPN01,High,High,None,Low,None,Low,0.113,Low,Synthetic vulnerability with specific exploitation conditions and possible limited operational impact.
V0790,WEB01,Low,None,Required,Low,None,None,0.334,Low,Synthetic vulnerability with easy exploitation conditions and possible limited operational impact.
V0791,VPN01,High,Low,Required,High,High,High,0.476,Critical,"Synthetic vulnerability with specific exploitation conditions and possible data exposure, data modification, service disruption."
V0792,DB01,High,Low,Required,Low,None,Low,0.021,Low,Synthetic vulnerability with specific exploitation conditions and possible limited operational impact.
V0793,VPN01,Low,High,Required,High,None,None,0.042,Low,Synthetic vulnerability with easy exploitation conditions and possible data exposure.
V0794,APP01,Low,High,None,High,High,High,0.994,Critical,"Synthetic vulnerability with easy exploitation conditions and possible data exposure, data modification, service disruption."
V0795,DB01,High,Low,None,None,None,None,0.075,Low,Synthetic vulnerability with specific exploitation conditions and possible limited operational impact.
V0796,WEB01,Low,None,Required,High,None,None,0.025,Low,Synthetic vulnerability with easy exploitation conditions and possible data exposure.
V0797,VPN01,High,High,None,High,High,Low,0.832,Critical,"Synthetic vulnerability with specific exploitation conditions and possible data exposure, data modification."
V0798,APP01,Low,None,None,Low,High,High,0.896,Critical,"Synthetic vulnerability with easy exploitation conditions and possible data modification, service disruption."
V0799,EMP01,High,High,Required,Low,High,None,0.002,Low,Synthetic vulnerability with specific exploitation conditions and possible data modification.
V0800,APP01,High,Low,Required,None,Low,Low,0.138,Low,Synthetic vulnerability with specific exploitation conditions and possible limited operational impact.
V0801,VPN01,High,High,None,None,None,None,0.302,Low,Synthetic vulnerability with specific exploitation conditions and possible limited operational impact.
V0802,AUTH01,High,High,Required,None,Low,None,0.149,Low,Synthetic vulnerability with specific exploitation conditions and possible limited operational impact.
V0803,BACKUP01,High,Low,None,None,None,High,0.175,Low,Synthetic vulnerability with specific exploitation conditions and possible service disruption.
V0804,EMP01,High,None,Required,High,None,None,0.04,Low,Synthetic vulnerability with specific exploitation conditions and possible data exposure.
V0805,DB01,High,Low,Required,Low,None,None,0.397,Low,Synthetic vulnerability with specific exploitation conditions and possible limited operational impact.
V0806,EMP01,Low,Low,Required,None,None,Low,0.25,Low,Synthetic vulnerability with easy exploitation conditions and possible limited operational impact.
V0807,DB01,High,None,Required,High,Low,High,0.85,Critical,"Synthetic vulnerability with specific exploitation conditions and possible data exposure, service disruption."
V0808,EMP01,Low,None,None,Low,High,High,0.9,Critical,"Synthetic vulnerability with easy exploitation conditions and possible data modification, service disruption."
V0809,AUTH01,High,None,None,None,None,Low,0.039,Low,Synthetic vulnerability with specific exploitation conditions and possible limited operational impact.
V0810,AUTH01,Low,None,None,Low,High,High,0.875,Critical,"Synthetic vulnerability with easy exploitation conditions and possible data modification, service disruption."
V0811,DB01,High,None,Required,None,Low,None,0.035,Low,Synthetic vulnerability with specific exploitation conditions and possible limited operational impact.
V0812,EMP01,Low,High,Required,None,None,None,0.41,Low,Synthetic vulnerability with easy exploitation conditions and possible limited operational impact.
V0813,VPN01,Low,High,None,None,Low,None,0.036,Low,Synthetic vulnerability with easy exploitation conditions and possible limited operational impact.
V0814,VPN01,High,None,None,Low,None,None,0.006,Low,Synthetic vulnerability with specific exploitation conditions and possible limited operational impact.
V0815,EMP01,Low,Low,None,High,High,High,0.319,Critical,"Synthetic vulnerability with easy exploitation conditions and possible data exposure, data modification, service disruption."
V0816,WEB01,High,Low,None,None,None,Low,0.463,Low,Synthetic vulnerability with specific exploitation conditions and possible limited operational impact.
V0817,DB01,High,Low,Required,Low,Low,None,0.279,Low,Synthetic vulnerability with specific exploitation conditions and possible limited operational impact.
V0818,EMP01,Low,Low,None,Low,High,High,0.788,Critical,"Synthetic vulnerability with easy exploitation conditions and possible data modification, service disruption."
V0819,BACKUP01,High,High,Required,None,None,High,0.238,Low,Synthetic vulnerability with specific exploitation conditions and possible service disruption.
V0820,APP01,Low,None,None,Low,None,None,0.009,Low,Synthetic vulnerability with easy exploitation conditions and possible limited operational impact.
V0821,BACKUP01,High,Low,Required,None,None,None,0.873,Low,Synthetic vulnerability with specific exploitation conditions and possible limited operational impact.
V0822,AUTH01,Low,High,None,None,None,None,0.633,Low,Synthetic vulnerability with easy exploitation conditions and possible limited operational impact.
V0823,AUTH01,High,None,None,High,None,None,0.007,Low,Synthetic vulnerability with specific exploitation conditions and possible data exposure.
V0824,APP01,Low,None,None,High,High,High,0.291,Critical,"Synthetic vulnerability with easy exploitation conditions and possible data exposure, data modification, service disruption."
V0825,WEB01,High,Low,Required,None,None,None,0.852,Low,Synthetic vulnerability with specific exploitation conditions and possible limited operational impact.
V0826,AUTH01,High,None,None,None,None,Low,0.246,Low,Synthetic vulnerability with specific exploitation conditions and possible limited operational impact.
V0827,DB01,High,Low,Required,Low,Low,None,0.169,Low,Synthetic vulnerability with specific exploitation conditions and possible limited operational impact.
V0828,VPN01,Low,Low,Required,Low,None,Low,0.15,Low,Synthetic vulnerability with easy exploitation conditions and possible limited operational impact.
V0829,WEB01,Low,None,None,Low,High,High,0.936,Critical,"Synthetic vulnerability with easy exploitation conditions and possible data modification, service disruption."
V0830,WEB01,Low,High,Required,Low,None,None,0.227,Low,Synthetic vulnerability with easy exploitation conditions and possible limited operational impact.
V0831,AUTH01,Low,None,Required,Low,Low,None,0.063,Low,Synthetic vulnerability with easy exploitation conditions and possible limited operational impact.
V0832,AUTH01,High,Low,Required,High,High,Low,0.756,Critical,"Synthetic vulnerability with specific exploitation conditions and possible data exposure, data modification."
V0833,APP01,High,High,None,High,High,High,0.583,Critical,"Synthetic vulnerability with specific exploitation conditions and possible data exposure, data modification, service disruption."
V0834,APP01,High,High,Required,None,High,None,0.34,Low,Synthetic vulnerability with specific exploitation conditions and possible data modification.
V0835,DB01,Low,None,Required,High,High,High,0.666,Critical,"Synthetic vulnerability with easy exploitation conditions and possible data exposure, data modification, service disruption."
V0836,BACKUP01,High,High,None,High,High,Low,0.952,Critical,"Synthetic vulnerability with specific exploitation conditions and possible data exposure, data modification."
V0837,EMP01,High,High,Required,None,None,None,0.779,Low,Synthetic vulnerability with specific exploitation conditions and possible limited operational impact.
V0838,AUTH01,Low,Low,None,None,None,None,0.688,Low,Synthetic vulnerability with easy exploitation conditions and possible limited operational impact.
V0839,EMP01,Low,Low,Required,High,High,None,0.932,Critical,"Synthetic vulnerability with easy exploitation conditions and possible data exposure, data modification."
V0840,APP01,High,None,None,None,Low,Low,0.064,Low,Synthetic vulnerability with specific exploitation conditions and possible limited operational impact.
V0841,AUTH01,High,High,Required,None,None,None,0.74,Low,Synthetic vulnerability with specific exploitation conditions and possible limited operational impact.
V0842,AUTH01,High,None,None,Low,Low,High,0.884,Critical,Synthetic vulnerability with specific exploitation conditions and possible service disruption.
V0843,EMP01,Low,None,None,None,Low,None,0.171,Low,Synthetic vulnerability with easy exploitation conditions and possible limited operational impact.
V0844,AUTH01,High,High,None,High,None,None,0.176,Low,Synthetic vulnerability with specific exploitation conditions and possible data exposure.
V0845,APP01,High,None,Required,High,High,High,0.951,Critical,"Synthetic vulnerability with specific exploitation conditions and possible data exposure, data modification, service disruption."
V0846,WEB01,Low,Low,None,High,Low,Low,0.897,Critical,Synthetic vulnerability with easy exploitation conditions and possible data exposure.
V0847,DB01,High,High,None,None,Low,None,0.421,Low,Synthetic vulnerability with specific exploitation conditions and possible limited operational impact.
V0848,AUTH01,High,High,Required,None,Low,Low,0.203,Low,Synthetic vulnerability with specific exploitation conditions and possible limited operational impact.
V0849,WEB01,High,Low,Required,None,None,Low,0.13,Low,Synthetic vulnerability with specific exploitation conditions and possible limited operational impact.
V0850,BACKUP01,High,Low,Required,None,Low,Low,0.165,Low,Synthetic vulnerability with specific exploitation conditions and possible limited operational impact.
V0851,EMP01,High,High,None,High,None,None,0.124,Low,Synthetic vulnerability with specific exploitation conditions and possible data exposure.
V0852,DB01,High,High,Required,Low,None,Low,0.097,Low,Synthetic vulnerability with specific exploitation conditions and possible limited operational impact.
V0853,DB01,Low,None,Required,High,High,High,0.882,Critical,"Synthetic vulnerability with easy exploitation conditions and possible data exposure, data modification, service disruption."
V0854,EMP01,High,Low,Required,High,Low,High,0.914,Critical,"Synthetic vulnerability with specific exploitation conditions and possible data exposure, service disruption."
V0855,APP01,High,Low,Required,Low,High,High,0.801,Critical,"Synthetic vulnerability with specific exploitation conditions and possible data modification, service disruption."
V0856,EMP01,High,Low,Required,Low,High,High,0.83,Critical,"Synthetic vulnerability with specific exploitation conditions and possible data modification, service disruption."
V0857,WEB01,High,None,Required,High,High,High,0.864,Critical,"Synthetic vulnerability with specific exploitation conditions and possible data exposure, data modification, service disruption."
V0858,VPN01,Low,Low,None,None,None,None,0.607,Low,Synthetic vulnerability with easy exploitation conditions and possible limited operational impact.
V0859,AUTH01,Low,None,None,High,High,High,0.492,Critical,"Synthetic vulnerability with easy exploitation conditions and possible data exposure, data modification, service disruption."
V0860,DB01,Low,Low,Required,High,None,None,0.027,Low,Synthetic vulnerability with easy exploitation conditions and possible data exposure.
V0861,VPN01,High,None,Required,High,High,Low,0.881,Critical,"Synthetic vulnerability with specific exploitation conditions and possible data exposure, data modification."
V0862,DB01,Low,Low,Required,Low,High,High,0.869,Critical,"Synthetic vulnerability with easy exploitation conditions and possible data modification, service disruption."
V0863,APP01,High,None,Required,None,Low,None,0.268,Low,Synthetic vulnerability with specific exploitation conditions and possible limited operational impact.
V0864,EMP01,Low,High,Required,None,None,Low,0.309,Low,Synthetic vulnerability with easy exploitation conditions and possible limited operational impact.
V0865,VPN01,High,Low,None,None,Low,Low,0.156,Low,Synthetic vulnerability with specific exploitation conditions and possible limited operational impact.
V0866,DB01,Low,None,None,Low,Low,High,0.783,Critical,Synthetic vulnerability with easy exploitation conditions and possible service disruption.
V0867,VPN01,Low,Low,Required,None,High,None,0.156,Low,Synthetic vulnerability with easy exploitation conditions and possible data modification.
V0868,BACKUP01,High,Low,Required,High,High,Low,0.893,Critical,"Synthetic vulnerability with specific exploitation conditions and possible data exposure, data modification."
V0869,BACKUP01,Low,Low,None,Low,None,None,0.021,Low,Synthetic vulnerability with easy exploitation conditions and possible limited operational impact.
V0870,WEB01,Low,None,Required,None,None,None,0.573,Low,Synthetic vulnerability with easy exploitation conditions and possible limited operational impact.
V0871,WEB01,Low,High,Required,Low,High,High,0.98,Critical,"Synthetic vulnerability with easy exploitation conditions and possible data modification, service disruption."
V0872,APP01,High,High,None,None,None,Low,0.005,Low,Synthetic vulnerability with specific exploitation conditions and possible limited operational impact.
V0873,AUTH01,High,Low,None,None,None,None,0.641,Low,Synthetic vulnerability with specific exploitation conditions and possible limited operational impact.
V0874,AUTH01,High,High,Required,Low,High,High,0.918,Critical,"Synthetic vulnerability with specific exploitation conditions and possible data modification, service disruption."
V0875,VPN01,High,None,Required,Low,None,None,0.451,Low,Synthetic vulnerability with specific exploitation conditions and possible limited operational impact.
V0876,AUTH01,High,Low,Required,High,Low,High,0.699,Critical,"Synthetic vulnerability with specific exploitation conditions and possible data exposure, service disruption."
V0877,AUTH01,High,Low,Required,Low,None,None,0.528,Low,Synthetic vulnerability with specific exploitation conditions and possible limited operational impact.
V0878,EMP01,High,None,None,High,Low,High,0.84,Critical,"Synthetic vulnerability with specific exploitation conditions and possible data exposure, service disruption."
V0879,WEB01,Low,None,Required,None,Low,Low,0.044,Low,Synthetic vulnerability with easy exploitation conditions and possible limited operational impact.
V0880,DB01,High,Low,Required,None,Low,None,0.205,Low,Synthetic vulnerability with specific exploitation conditions and possible limited operational impact.
V0881,EMP01,High,Low,Required,None,None,None,0.727,Low,Synthetic vulnerability with specific exploitation conditions and possible limited operational impact.
V0882,BACKUP01,High,Low,Required,Low,High,High,0.908,Critical,"Synthetic vulnerability with specific exploitation conditions and possible data modification, service disruption."
V0883,WEB01,High,Low,Required,Low,None,None,0.553,Low,Synthetic vulnerability with specific exploitation conditions and possible limited operational impact.
V0884,BACKUP01,High,Low,Required,None,None,None,0.704,Low,Synthetic vulnerability with specific exploitation conditions and possible limited operational impact.
V0885,AUTH01,Low,None,Required,Low,Low,High,0.872,Critical,Synthetic vulnerability with easy exploitation conditions and possible service disruption.
V0886,BACKUP01,High,Low,Required,Low,None,None,0.276,Low,Synthetic vulnerability with specific exploitation conditions and possible limited operational impact.
V0887,WEB01,High,Low,Required,None,None,None,0.601,Low,Synthetic vulnerability with specific exploitation conditions and possible limited operational impact.
V0888,WEB01,High,High,None,None,None,None,0.525,Low,Synthetic vulnerability with specific exploitation conditions and possible limited operational impact.
V0889,APP01,Low,Low,Required,Low,High,High,0.783,Critical,"Synthetic vulnerability with easy exploitation conditions and possible data modification, service disruption."
V0890,AUTH01,Low,High,None,None,None,None,0.467,Low,Synthetic vulnerability with easy exploitation conditions and possible limited operational impact.
V0891,VPN01,Low,High,None,None,None,None,0.491,Low,Synthetic vulnerability with easy exploitation conditions and possible limited operational impact.
V0892,VPN01,Low,None,Required,High,High,High,0.724,Critical,"Synthetic vulnerability with easy exploitation conditions and possible data exposure, data modification, service disruption."
V0893,DB01,Low,None,Required,High,Low,High,0.866,Critical,"Synthetic vulnerability with easy exploitation conditions and possible data exposure, service disruption."
V0894,VPN01,Low,Low,None,High,High,None,0.868,Critical,"Synthetic vulnerability with easy exploitation conditions and possible data exposure, data modification."
V0895,AUTH01,Low,None,None,Low,None,None,0.274,Low,Synthetic vulnerability with easy exploitation conditions and possible limited operational impact.
V0896,BACKUP01,High,None,Required,None,None,None,0.518,Low,Synthetic vulnerability with specific exploitation conditions and possible limited operational impact.
V0897,WEB01,Low,High,Required,None,None,High,0.24,Low,Synthetic vulnerability with easy exploitation conditions and possible service disruption.
V0898,AUTH01,Low,High,None,Low,None,None,0.017,Low,Synthetic vulnerability with easy exploitation conditions and possible limited operational impact.
V0899,AUTH01,Low,None,Required,High,None,None,0.109,Low,Synthetic vulnerability with easy exploitation conditions and possible data exposure.
V0900,VPN01,Low,Low,Required,Low,None,Low,0.112,Low,Synthetic vulnerability with easy exploitation conditions and possible limited operational impact.
V0901,VPN01,Low,Low,None,High,Low,High,0.841,Critical,"Synthetic vulnerability with easy exploitation conditions and possible data exposure, service disruption."
V0902,AUTH01,Low,None,None,None,Low,None,0.035,Low,Synthetic vulnerability with easy exploitation conditions and possible limited operational impact.
V0903,WEB01,Low,None,Required,Low,Low,None,0.124,Low,Synthetic vulnerability with easy exploitation conditions and possible limited operational impact.
V0904,APP01,Low,High,None,None,None,Low,0.112,Low,Synthetic vulnerability with easy exploitation conditions and possible limited operational impact.
V0905,VPN01,Low,Low,None,Low,None,Low,0.043,Low,Synthetic vulnerability with easy exploitation conditions and possible limited operational impact.
V0906,VPN01,High,None,None,None,None,Low,0.026,Low,Synthetic vulnerability with specific exploitation conditions and possible limited operational impact.
V0907,DB01,Low,Low,None,Low,Low,None,0.064,Low,Synthetic vulnerability with easy exploitation conditions and possible limited operational impact.
V0908,BACKUP01,Low,None,None,None,None,High,0.014,Low,Synthetic vulnerability with easy exploitation conditions and possible service disruption.
V0909,VPN01,Low,High,Required,High,High,High,0.37,Critical,"Synthetic vulnerability with easy exploitation conditions and possible data exposure, data modification, service disruption."
V0910,APP01,High,Low,Required,Low,Low,None,0.261,Low,Synthetic vulnerability with specific exploitation conditions and possible limited operational impact.
V0911,AUTH01,High,High,None,None,None,High,0.241,Low,Synthetic vulnerability with specific exploitation conditions and possible service disruption.
V0912,DB01,High,High,None,High,High,High,0.714,Critical,"Synthetic vulnerability with specific exploitation conditions and possible data exposure, data modification, service disruption."
V0913,AUTH01,High,High,Required,High,High,Low,0.967,Critical,"Synthetic vulnerability with specific exploitation conditions and possible data exposure, data modification."
V0914,BACKUP01,Low,High,Required,None,Low,None,0.357,Low,Synthetic vulnerability with easy exploitation conditions and possible limited operational impact.
V0915,WEB01,High,None,Required,High,None,High,0.969,Critical,"Synthetic vulnerability with specific exploitation conditions and possible data exposure, service disruption."
V0916,AUTH01,High,Low,None,Low,High,High,0.629,Critical,"Synthetic vulnerability with specific exploitation conditions and possible data modification, service disruption."
V0917,BACKUP01,Low,Low,Required,None,None,None,0.058,Low,Synthetic vulnerability with easy exploitation conditions and possible limited operational impact.
V0918,VPN01,Low,None,None,High,High,None,0.797,Critical,"Synthetic vulnerability with easy exploitation conditions and possible data exposure, data modification."
V0919,WEB01,Low,Low,None,High,High,Low,0.812,Critical,"Synthetic vulnerability with easy exploitation conditions and possible data exposure, data modification."
V0920,APP01,Low,Low,None,Low,High,High,0.968,Critical,"Synthetic vulnerability with easy exploitation conditions and possible data modification, service disruption."
V0921,VPN01,High,Low,Required,None,Low,None,0.553,Low,Synthetic vulnerability with specific exploitation conditions and possible limited operational impact.
V0922,EMP01,Low,Low,None,Low,None,Low,0.103,Low,Synthetic vulnerability with easy exploitation conditions and possible limited operational impact.
V0923,VPN01,High,High,None,Low,None,None,0.51,Low,Synthetic vulnerability with specific exploitation conditions and possible limited operational impact.
V0924,AUTH01,Low,High,Required,None,None,Low,0.429,Low,Synthetic vulnerability with easy exploitation conditions and possible limited operational impact.
V0925,WEB01,High,Low,None,Low,Low,None,0.012,Low,Synthetic vulnerability with specific exploitation conditions and possible limited operational impact.
V0926,DB01,High,High,None,High,Low,High,0.746,Critical,"Synthetic vulnerability with specific exploitation conditions and possible data exposure, service disruption."
V0927,WEB01,Low,High,None,High,High,Low,0.809,Critical,"Synthetic vulnerability with easy exploitation conditions and possible data exposure, data modification."
V0928,DB01,High,None,Required,None,Low,Low,0.197,Low,Synthetic vulnerability with specific exploitation conditions and possible limited operational impact.
V0929,VPN01,Low,None,Required,High,High,High,0.325,Critical,"Synthetic vulnerability with easy exploitation conditions and possible data exposure, data modification, service disruption."
V0930,WEB01,High,High,None,Low,Low,None,0.174,Low,Synthetic vulnerability with specific exploitation conditions and possible limited operational impact.
V0931,BACKUP01,Low,Low,Required,Low,High,High,0.659,Critical,"Synthetic vulnerability with easy exploitation conditions and possible data modification, service disruption."
V0932,APP01,High,High,None,None,None,None,0.198,Low,Synthetic vulnerability with specific exploitation conditions and possible limited operational impact.
V0933,DB01,Low,Low,Required,None,Low,Low,0.105,Low,Synthetic vulnerability with easy exploitation conditions and possible limited operational impact.
V0934,EMP01,High,None,None,High,High,High,0.535,Critical,"Synthetic vulnerability with specific exploitation conditions and possible data exposure, data modification, service disruption."
V0935,AUTH01,Low,None,Required,Low,None,None,0.32,Low,Synthetic vulnerability with easy exploitation conditions and possible limited operational impact.
V0936,APP01,High,None,Required,None,None,High,0.133,Low,Synthetic vulnerability with specific exploitation conditions and possible service disruption.
V0937,WEB01,Low,Low,Required,None,None,Low,0.267,Low,Synthetic vulnerability with easy exploitation conditions and possible limited operational impact.
V0938,DB01,Low,High,None,None,None,High,0.126,Low,Synthetic vulnerability with easy exploitation conditions and possible service disruption.
V0939,VPN01,High,None,None,Low,High,High,0.731,Critical,"Synthetic vulnerability with specific exploitation conditions and possible data modification, service disruption."
V0940,AUTH01,High,Low,Required,None,None,Low,0.537,Low,Synthetic vulnerability with specific exploitation conditions and possible limited operational impact.
V0941,WEB01,Low,Low,Required,Low,Low,None,0.13,Low,Synthetic vulnerability with easy exploitation conditions and possible limited operational impact.
V0942,DB01,Low,None,Required,Low,Low,High,0.897,Critical,Synthetic vulnerability with easy exploitation conditions and possible service disruption.
V0943,DB01,Low,High,None,None,None,None,0.169,Low,Synthetic vulnerability with easy exploitation conditions and possible limited operational impact.
V0944,AUTH01,High,Low,Required,High,High,Low,0.84,Critical,"Synthetic vulnerability with specific exploitation conditions and possible data exposure, data modification."
V0945,WEB01,Low,None,None,None,High,None,0.014,Low,Synthetic vulnerability with easy exploitation conditions and possible data modification.
V0946,BACKUP01,Low,None,Required,High,High,High,0.39,Critical,"Synthetic vulnerability with easy exploitation conditions and possible data exposure, data modification, service disruption."
V0947,VPN01,High,None,None,High,High,Low,0.589,Critical,"Synthetic vulnerability with specific exploitation conditions and possible data exposure, data modification."
V0948,WEB01,Low,High,None,None,None,None,0.198,Low,Synthetic vulnerability with easy exploitation conditions and possible limited operational impact.
V0949,DB01,Low,None,None,High,Low,High,0.819,Critical,"Synthetic vulnerability with easy exploitation conditions and possible data exposure, service disruption."
V0950,EMP01,High,Low,Required,Low,Low,None,0.038,Low,Synthetic vulnerability with specific exploitation conditions and possible limited operational impact.
V0951,EMP01,Low,Low,Required,Low,Low,High,0.964,Critical,Synthetic vulnerability with easy exploitation conditions and possible service disruption.
V0952,EMP01,High,High,Required,None,Low,None,0.545,Low,Synthetic vulnerability with specific exploitation conditions and possible limited operational impact.
V0953,AUTH01,High,None,Required,Low,None,Low,0.167,Low,Synthetic vulnerability with specific exploitation conditions and possible limited operational impact.
V0954,WEB01,High,High,None,Low,Low,None,0.112,Low,Synthetic vulnerability with specific exploitation conditions and possible limited operational impact.
V0955,BACKUP01,Low,None,None,None,None,Low,0.296,Low,Synthetic vulnerability with easy exploitation conditions and possible limited operational impact.
V0956,DB01,High,None,None,Low,High,High,0.811,Critical,"Synthetic vulnerability with specific exploitation conditions and possible data modification, service disruption."
V0957,EMP01,Low,Low,None,Low,Low,High,0.986,Critical,Synthetic vulnerability with easy exploitation conditions and possible service disruption.
V0958,DB01,High,High,Required,Low,None,None,0.106,Low,Synthetic vulnerability with specific exploitation conditions and possible limited operational impact.
V0959,AUTH01,High,High,Required,High,None,None,0.064,Low,Synthetic vulnerability with specific exploitation conditions and possible data exposure.
V0960,EMP01,Low,High,None,None,High,High,0.935,Critical,"Synthetic vulnerability with easy exploitation conditions and possible data modification, service disruption."
V0961,AUTH01,Low,None,Required,High,None,High,0.973,Critical,"Synthetic vulnerability with easy exploitation conditions and possible data exposure, service disruption."
V0962,AUTH01,High,Low,None,None,None,None,0.408,Low,Synthetic vulnerability with specific exploitation conditions and possible limited operational impact.
V0963,EMP01,High,None,None,None,None,Low,0.318,Low,Synthetic vulnerability with specific exploitation conditions and possible limited operational impact.
V0964,AUTH01,Low,None,None,Low,Low,High,0.942,Critical,Synthetic vulnerability with easy exploitation conditions and possible service disruption.
V0965,DB01,High,None,Required,None,Low,Low,0.004,Low,Synthetic vulnerability with specific exploitation conditions and possible limited operational impact.
V0966,BACKUP01,High,High,None,Low,None,Low,0.202,Low,Synthetic vulnerability with specific exploitation conditions and possible limited operational impact.
V0967,BACKUP01,High,None,None,Low,High,High,0.693,Critical,"Synthetic vulnerability with specific exploitation conditions and possible data modification, service disruption."
V0968,EMP01,High,High,None,High,Low,High,0.735,Critical,"Synthetic vulnerability with specific exploitation conditions and possible data exposure, service disruption."
V0969,VPN01,High,None,None,None,None,Low,0.286,Low,Synthetic vulnerability with specific exploitation conditions and possible limited operational impact.
V0970,DB01,High,High,None,None,None,High,0.197,Low,Synthetic vulnerability with specific exploitation conditions and possible service disruption.
V0971,DB01,High,High,Required,None,High,None,0.261,Low,Synthetic vulnerability with specific exploitation conditions and possible data modification.
V0972,APP01,Low,None,Required,None,None,None,0.229,Low,Synthetic vulnerability with easy exploitation conditions and possible limited operational impact.
V0973,APP01,Low,Low,None,None,Low,Low,0.014,Low,Synthetic vulnerability with easy exploitation conditions and possible limited operational impact.
V0974,BACKUP01,High,High,Required,High,High,Low,0.903,Critical,"Synthetic vulnerability with specific exploitation conditions and possible data exposure, data modification."
V0975,APP01,High,High,Required,Low,None,Low,0.084,Low,Synthetic vulnerability with specific exploitation conditions and possible limited operational impact.
V0976,AUTH01,High,None,Required,Low,High,High,0.751,Critical,"Synthetic vulnerability with specific exploitation conditions and possible data modification, service disruption."
V0977,WEB01,High,High,Required,High,High,High,0.589,Critical,"Synthetic vulnerability with specific exploitation conditions and possible data exposure, data modification, service disruption."
V0978,BACKUP01,High,Low,None,High,High,Low,0.646,Critical,"Synthetic vulnerability with specific exploitation conditions and possible data exposure, data modification."
V0979,AUTH01,Low,None,None,Low,Low,High,0.939,Critical,Synthetic vulnerability with easy exploitation conditions and possible service disruption.
V0980,WEB01,Low,None,None,Low,Low,High,0.98,Critical,Synthetic vulnerability with easy exploitation conditions and possible service disruption.
V0981,APP01,High,High,None,None,Low,Low,0.102,Low,Synthetic vulnerability with specific exploitation conditions and possible limited operational impact.
V0982,BACKUP01,Low,High,None,None,None,High,0.045,Low,Synthetic vulnerability with easy exploitation conditions and possible service disruption.
V0983,EMP01,Low,None,None,None,None,None,0.283,Low,Synthetic vulnerability with easy exploitation conditions and possible limited operational impact.
V0984,EMP01,Low,High,None,Low,High,High,0.976,Critical,"Synthetic vulnerability with easy exploitation conditions and possible data modification, service disruption."
V0985,APP01,High,None,None,Low,High,High,0.69,Critical,"Synthetic vulnerability with specific exploitation conditions and possible data modification, service disruption."
V0986,AUTH01,Low,None,Required,High,Low,High,0.624,Critical,"Synthetic vulnerability with easy exploitation conditions and possible data exposure, service disruption."
V0987,AUTH01,High,High,None,None,None,High,0.268,Low,Synthetic vulnerability with specific exploitation conditions and possible service disruption.
V0988,BACKUP01,Low,High,Required,None,None,None,0.656,Low,Synthetic vulnerability with easy exploitation conditions and possible limited operational impact.
V0989,VPN01,Low,None,Required,None,Low,Low,0.052,Low,Synthetic vulnerability with easy exploitation conditions and possible limited operational impact.
V0990,DB01,Low,None,None,High,High,Low,0.688,Critical,"Synthetic vulnerability with easy exploitation conditions and possible data exposure, data modification."
V0991,EMP01,Low,None,None,High,High,High,0.267,Critical,"Synthetic vulnerability with easy exploitation conditions and possible data exposure, data modification, service disruption."
V0992,BACKUP01,Low,High,None,High,High,High,0.321,Critical,"Synthetic vulnerability with easy exploitation conditions and possible data exposure, data modification, service disruption."
V0993,WEB01,Low,Low,Required,None,High,High,0.949,Critical,"Synthetic vulnerability with easy exploitation conditions and possible data modification, service disruption."
V0994,AUTH01,Low,High,None,Low,High,High,0.674,Critical,"Synthetic vulnerability with easy exploitation conditions and possible data modification, service disruption."
V0995,APP01,Low,High,Required,High,None,None,0.031,Low,Synthetic vulnerability with easy exploitation conditions and possible data exposure.
V0996,WEB01,High,None,Required,High,None,None,0.051,Low,Synthetic vulnerability with specific exploitation conditions and possible data exposure.
V0997,APP01,Low,Low,None,Low,None,None,0.405,Low,Synthetic vulnerability with easy exploitation conditions and possible limited operational impact.
V0998,VPN01,High,Low,None,Low,Low,None,0.108,Low,Synthetic vulnerability with specific exploitation conditions and possible limited operational impact.
V0999,BACKUP01,Low,Low,Required,Low,High,High,0.983,Critical,"Synthetic vulnerability with easy exploitation conditions and possible data modification, service disruption."
V1000,EMP01,Low,High,Required,High,High,High,0.5,Critical,"Synthetic vulnerability with easy exploitation conditions and possible data exposure, data modification, service disruption."
V1001,APP01,Low,None,None,High,Low,Low,0.967,Critical,Synthetic vulnerability with easy exploitation conditions and possible data exposure.
V1002,APP01,Low,None,Required,Low,High,Low,0.964,Critical,Synthetic vulnerability with easy exploitation conditions and possible data modification.
V1003,EMP01,High,None,Required,High,High,Low,0.774,Critical,"Synthetic vulnerability with specific exploitation conditions and possible data exposure, data modification."
V1004,AUTH01,High,Low,None,Low,High,High,0.888,Critical,"Synthetic vulnerability with specific exploitation conditions and possible data modification, service disruption."
V1005,EMP01,Low,None,None,Low,High,Low,0.96,Critical,Synthetic vulnerability with easy exploitation conditions and possible data modification.
V1006,APP01,High,None,Required,High,High,High,0.642,Critical,"Synthetic vulnerability with specific exploitation conditions and possible data exposure, data modification, service disruption."
V1007,APP01,High,None,Required,None,None,High,0.112,Low,Synthetic vulnerability with specific exploitation conditions and possible service disruption.
V1008,AUTH01,High,Low,Required,High,High,Low,0.875,Critical,"Synthetic vulnerability with specific exploitation conditions and possible data exposure, data modification."
V1009,VPN01,High,None,Required,None,None,Low,0.157,Low,Synthetic vulnerability with specific exploitation conditions and possible limited operational impact.
V1010,DB01,Low,Low,None,None,None,None,0.66,Low,Synthetic vulnerability with easy exploitation conditions and possible limited operational impact.
V1011,BACKUP01,High,Low,Required,None,None,High,0.26,Low,Synthetic vulnerability with specific exploitation conditions and possible service disruption.
V1012,VPN01,High,Low,None,High,Low,High,0.686,Critical,"Synthetic vulnerability with specific exploitation conditions and possible data exposure, service disruption."
V1013,EMP01,Low,None,None,None,None,None,0.379,Low,Synthetic vulnerability with easy exploitation conditions and possible limited operational impact.
V1014,BACKUP01,High,Low,Required,None,Low,None,0.067,Low,Synthetic vulnerability with specific exploitation conditions and possible limited operational impact.
V1015,APP01,High,Low,None,None,Low,Low,0.165,Low,Synthetic vulnerability with specific exploitation conditions and possible limited operational impact.
V1016,WEB01,Low,Low,None,None,Low,Low,0.039,Low,Synthetic vulnerability with easy exploitation conditions and possible limited operational impact.
V1017,VPN01,Low,None,Required,None,None,Low,0.04,Low,Synthetic vulnerability with easy exploitation conditions and possible limited operational impact.
V1018,VPN01,Low,High,None,None,None,None,0.378,Low,Synthetic vulnerability with easy exploitation conditions and possible limited operational impact.
V1019,DB01,High,Low,Required,High,High,High,0.779,Critical,"Synthetic vulnerability with specific exploitation conditions and possible data exposure, data modification, service disruption."
V1020,EMP01,Low,None,Required,None,None,None,0.157,Low,Synthetic vulnerability with easy exploitation conditions and possible limited operational impact.
V1021,DB01,Low,None,None,Low,None,None,0.28,Low,Synthetic vulnerability with easy exploitation conditions and possible limited operational impact.
V1022,AUTH01,High,High,Required,None,Low,None,0.64,Low,Synthetic vulnerability with specific exploitation conditions and possible limited operational impact.
V1023,BACKUP01,High,High,None,None,Low,None,0.147,Low,Synthetic vulnerability with specific exploitation conditions and possible limited operational impact.
V1024,AUTH01,High,High,Required,None,High,None,0.15,Low,Synthetic vulnerability with specific exploitation conditions and possible data modification.
V1025,APP01,Low,Low,None,Low,High,Low,0.875,Critical,Synthetic vulnerability with easy exploitation conditions and possible data modification.
V1026,AUTH01,Low,Low,Required,None,High,High,0.948,Critical,"Synthetic vulnerability with easy exploitation conditions and possible data modification, service disruption."
V1027,EMP01,High,None,None,High,High,High,0.41,Critical,"Synthetic vulnerability with specific exploitation conditions and possible data exposure, data modification, service disruption."
V1028,AUTH01,Low,None,Required,High,High,High,0.351,Critical,"Synthetic vulnerability with easy exploitation conditions and possible data exposure, data modification, service disruption."
V1029,BACKUP01,Low,None,None,High,High,High,0.695,Critical,"Synthetic vulnerability with easy exploitation conditions and possible data exposure, data modification, service disruption."
V1030,VPN01,Low,Low,None,High,High,High,0.866,Critical,"Synthetic vulnerability with easy exploitation conditions and possible data exposure, data modification, service disruption."
V1031,VPN01,Low,High,Required,None,Low,None,0.336,Low,Synthetic vulnerability with easy exploitation conditions and possible limited operational impact.
V1032,DB01,Low,High,Required,None,High,None,0.127,Low,Synthetic vulnerability with easy exploitation conditions and possible data modification.
V1033,DB01,Low,None,Required,None,None,None,0.6,Low,Synthetic vulnerability with easy exploitation conditions and possible limited operational impact.
V1034,BACKUP01,Low,None,None,None,Low,None,0.314,Low,Synthetic vulnerability with easy exploitation conditions and possible limited operational impact.
V1035,APP01,Low,Low,Required,Low,High,High,0.609,Critical,"Synthetic vulnerability with easy exploitation conditions and possible data modification, service disruption."
V1036,AUTH01,Low,Low,None,None,Low,None,0.113,Low,Synthetic vulnerability with easy exploitation conditions and possible limited operational impact.
V1037,DB01,Low,Low,None,Low,High,Low,0.972,Critical,Synthetic vulnerability with easy exploitation conditions and possible data modification.
V1038,BACKUP01,Low,High,Required,High,High,High,0.784,Critical,"Synthetic vulnerability with easy exploitation conditions and possible data exposure, data modification, service disruption."
V1039,WEB01,Low,High,None,None,High,High,0.997,Critical,"Synthetic vulnerability with easy exploitation conditions and possible data modification, service disruption."
V1040,APP01,Low,High,Required,None,None,None,0.392,Low,Synthetic vulnerability with easy exploitation conditions and possible limited operational impact.
V1041,VPN01,Low,None,Required,Low,Low,High,0.928,Critical,Synthetic vulnerability with easy exploitation conditions and possible service disruption.
V1042,AUTH01,High,High,Required,None,Low,Low,0.054,Low,Synthetic vulnerability with specific exploitation conditions and possible limited operational impact.
V1043,WEB01,Low,None,None,High,Low,High,0.765,Critical,"Synthetic vulnerability with easy exploitation conditions and possible data exposure, service disruption."
V1044,AUTH01,Low,Low,Required,High,Low,High,0.737,Critical,"Synthetic vulnerability with easy exploitation conditions and possible data exposure, service disruption."
V1045,AUTH01,High,Low,None,High,None,None,0.034,Low,Synthetic vulnerability with specific exploitation conditions and possible data exposure.
V1046,AUTH01,High,High,Required,High,High,Low,0.999,Critical,"Synthetic vulnerability with specific exploitation conditions and possible data exposure, data modification."
V1047,AUTH01,Low,Low,None,High,High,High,0.397,Critical,"Synthetic vulnerability with easy exploitation conditions and possible data exposure, data modification, service disruption."
V1048,EMP01,High,Low,Required,None,None,None,0.436,Low,Synthetic vulnerability with specific exploitation conditions and possible limited operational impact.
V1049,DB01,High,High,None,Low,None,None,0.137,Low,Synthetic vulnerability with specific exploitation conditions and possible limited operational impact.
V1050,EMP01,High,None,Required,Low,None,None,0.418,Low,Synthetic vulnerability with specific exploitation conditions and possible limited operational impact.
V1051,APP01,Low,High,Required,None,None,Low,0.145,Low,Synthetic vulnerability with easy exploitation conditions and possible limited operational impact.
V1052,EMP01,High,Low,None,Low,None,None,0.064,Low,Synthetic vulnerability with specific exploitation conditions and possible limited operational impact.
V1053,WEB01,High,None,Required,High,High,High,0.854,Critical,"Synthetic vulnerability with specific exploitation conditions and possible data exposure, data modification, service disruption."
V1054,WEB01,Low,None,Required,High,High,High,0.724,Critical,"Synthetic vulnerability with easy exploitation conditions and possible data exposure, data modification, service disruption."
V1055,APP01,Low,High,Required,Low,Low,None,0.052,Low,Synthetic vulnerability with easy exploitation conditions and possible limited operational impact.
V1056,BACKUP01,High,None,None,High,High,Low,0.743,Critical,"Synthetic vulnerability with specific exploitation conditions and possible data exposure, data modification."
V1057,EMP01,Low,High,None,Low,High,High,0.969,Critical,"Synthetic vulnerability with easy exploitation conditions and possible data modification, service disruption."
V1058,WEB01,Low,None,None,High,High,High,0.863,Critical,"Synthetic vulnerability with easy exploitation conditions and possible data exposure, data modification, service disruption."
V1059,WEB01,High,Low,Required,Low,None,Low,0.2,Low,Synthetic vulnerability with specific exploitation conditions and possible limited operational impact.
V1060,BACKUP01,Low,None,Required,High,High,Low,0.871,Critical,"Synthetic vulnerability with easy exploitation conditions and possible data exposure, data modification."
V1061,VPN01,High,High,Required,None,Low,None,0.005,Low,Synthetic vulnerability with specific exploitation conditions and possible limited operational impact.
V1062,APP01,High,High,Required,Low,None,None,0.448,Low,Synthetic vulnerability with specific exploitation conditions and possible limited operational impact.
V1063,AUTH01,Low,Low,Required,Low,None,Low,0.153,Low,Synthetic vulnerability with easy exploitation conditions and possible limited operational impact.
V1064,BACKUP01,Low,Low,None,Low,None,None,0.28,Low,Synthetic vulnerability with easy exploitation conditions and possible limited operational impact.
V1065,EMP01,High,High,None,None,None,None,0.59,Low,Synthetic vulnerability with specific exploitation conditions and possible limited operational impact.
V1066,APP01,Low,None,Required,High,None,High,0.883,Critical,"Synthetic vulnerability with easy exploitation conditions and possible data exposure, service disruption."
V1067,DB01,High,High,Required,None,High,None,0.035,Low,Synthetic vulnerability with specific exploitation conditions and possible data modification.
V1068,VPN01,Low,Low,Required,None,None,None,0.768,Low,Synthetic vulnerability with easy exploitation conditions and possible limited operational impact.
V1069,EMP01,Low,High,None,None,None,None,0.005,Low,Synthetic vulnerability with easy exploitation conditions and possible limited operational impact.
V1070,BACKUP01,Low,None,Required,High,High,High,0.534,Critical,"Synthetic vulnerability with easy exploitation conditions and possible data exposure, data modification, service disruption."
V1071,AUTH01,Low,None,Required,High,High,High,0.85,Critical,"Synthetic vulnerability with easy exploitation conditions and possible data exposure, data modification, service disruption."
V1072,WEB01,Low,None,None,None,High,High,0.821,Critical,"Synthetic vulnerability with easy exploitation conditions and possible data modification, service disruption."
V1073,WEB01,High,Low,Required,High,Low,High,0.921,Critical,"Synthetic vulnerability with specific exploitation conditions and possible data exposure, service disruption."
V1074,VPN01,Low,Low,None,Low,High,High,0.599,Critical,"Synthetic vulnerability with easy exploitation conditions and possible data modification, service disruption."
V1075,DB01,Low,None,Required,High,Low,High,0.903,Critical,"Synthetic vulnerability with easy exploitation conditions and possible data exposure, service disruption."
V1076,AUTH01,Low,Low,Required,None,Low,Low,0.035,Low,Synthetic vulnerability with easy exploitation conditions and possible limited operational impact.
V1077,BACKUP01,High,High,Required,None,None,Low,0.549,Low,Synthetic vulnerability with specific exploitation conditions and possible limited operational impact.
V1078,VPN01,Low,Low,Required,Low,High,High,0.68,Critical,"Synthetic vulnerability with easy exploitation conditions and possible data modification, service disruption."
V1079,EMP01,Low,High,Required,None,Low,None,0.373,Low,Synthetic vulnerability with easy exploitation conditions and possible limited operational impact.
V1080,DB01,High,High,Required,High,High,Low,0.814,Critical,"Synthetic vulnerability with specific exploitation conditions and possible data exposure, data modification."
V1081,DB01,High,None,Required,Low,High,High,0.972,Critical,"Synthetic vulnerability with specific exploitation conditions and possible data modification, service disruption."
V1082,WEB01,High,None,None,High,High,Low,0.572,Critical,"Synthetic vulnerability with specific exploitation conditions and possible data exposure, data modification."
V1083,WEB01,High,High,None,High,High,High,0.652,Critical,"Synthetic vulnerability with specific exploitation conditions and possible data exposure, data modification, service disruption."
V1084,WEB01,High,None,None,Low,None,None,0.224,Low,Synthetic vulnerability with specific exploitation conditions and possible limited operational impact.
V1085,AUTH01,Low,None,None,None,Low,None,0.302,Low,Synthetic vulnerability with easy exploitation conditions and possible limited operational impact.
V1086,AUTH01,High,High,Required,None,None,None,0.351,Low,Synthetic vulnerability with specific exploitation conditions and possible limited operational impact.
V1087,VPN01,High,High,None,None,None,Low,0.375,Low,Synthetic vulnerability with specific exploitation conditions and possible limited operational impact.
V1088,BACKUP01,High,None,None,High,High,High,0.826,Critical,"Synthetic vulnerability with specific exploitation conditions and possible data exposure, data modification, service disruption."
V1089,AUTH01,High,High,Required,None,None,None,0.687,Low,Synthetic vulnerability with specific exploitation conditions and possible limited operational impact.
V1090,WEB01,High,None,Required,High,None,None,0.045,Low,Synthetic vulnerability with specific exploitation conditions and possible data exposure.
V1091,WEB01,Low,Low,Required,None,Low,Low,0.003,Low,Synthetic vulnerability with easy exploitation conditions and possible limited operational impact.
V1092,EMP01,High,None,Required,None,Low,None,0.0,Low,Synthetic vulnerability with specific exploitation conditions and possible limited operational impact.
V1093,EMP01,Low,None,None,High,Low,High,0.718,Critical,"Synthetic vulnerability with easy exploitation conditions and possible data exposure, service disruption."
V1094,AUTH01,High,None,Required,High,High,High,0.692,Critical,"Synthetic vulnerability with specific exploitation conditions and possible data exposure, data modification, service disruption."
V1095,BACKUP01,Low,Low,None,High,High,Low,0.583,Critical,"Synthetic vulnerability with easy exploitation conditions and possible data exposure, data modification."
V1096,AUTH01,Low,Low,None,None,High,High,0.845,Critical,"Synthetic vulnerability with easy exploitation conditions and possible data modification, service disruption."
V1097,WEB01,Low,High,None,High,High,None,0.952,Critical,"Synthetic vulnerability with easy exploitation conditions and possible data exposure, data modification."
V1098,DB01,Low,Low,None,Low,High,High,0.927,Critical,"Synthetic vulnerability with easy exploitation conditions and possible data modification, service disruption."
V1099,VPN01,Low,None,None,High,Low,High,0.647,Critical,"Synthetic vulnerability with easy exploitation conditions and possible data exposure, service disruption."
V1100,APP01,High,None,None,Low,High,High,0.862,Critical,"Synthetic vulnerability with specific exploitation conditions and possible data modification, service disruption."
V1101,AUTH01,High,None,Required,Low,High,High,0.756,Critical,"Synthetic vulnerability with specific exploitation conditions and possible data modification, service disruption."
V1102,VPN01,High,None,Required,High,Low,High,0.908,Critical,"Synthetic vulnerability with specific exploitation conditions and possible data exposure, service disruption."
V1103,EMP01,High,None,Required,High,Low,High,0.786,Critical,"Synthetic vulnerability with specific exploitation conditions and possible data exposure, service disruption."
V1104,WEB01,High,Low,Required,High,High,Low,0.819,Critical,"Synthetic vulnerability with specific exploitation conditions and possible data exposure, data modification."
V1105,EMP01,High,High,Required,Low,High,High,0.9,Critical,"Synthetic vulnerability with specific exploitation conditions and possible data modification, service disruption."
V1106,WEB01,High,Low,Required,High,High,Low,0.799,Critical,"Synthetic vulnerability with specific exploitation conditions and possible data exposure, data modification."
V1107,BACKUP01,Low,High,Required,High,High,High,0.895,Critical,"Synthetic vulnerability with easy exploitation conditions and possible data exposure, data modification, service disruption."
V1108,AUTH01,High,None,Required,High,High,Low,0.761,Critical,"Synthetic vulnerability with specific exploitation conditions and possible data exposure, data modification."
V1109,WEB01,Low,Low,Required,High,High,Low,0.757,Critical,"Synthetic vulnerability with easy exploitation conditions and possible data exposure, data modification."
V1110,AUTH01,Low,None,Required,High,High,High,0.608,Critical,"Synthetic vulnerability with easy exploitation conditions and possible data exposure, data modification, service disruption."
V1111,APP01,Low,None,Required,High,High,Low,0.863,Critical,"Synthetic vulnerability with easy exploitation conditions and possible data exposure, data modification."
V1112,APP01,Low,None,Required,High,High,High,0.709,Critical,"Synthetic vulnerability with easy exploitation conditions and possible data exposure, data modification, service disruption."
V1113,EMP01,High,None,None,High,Low,High,0.93,Critical,"Synthetic vulnerability with specific exploitation conditions and possible data exposure, service disruption."
V1114,WEB01,High,None,Required,High,High,Low,0.793,Critical,"Synthetic vulnerability with specific exploitation conditions and possible data exposure, data modification."
V1115,WEB01,High,None,None,High,High,High,0.434,Critical,"Synthetic vulnerability with specific exploitation conditions and possible data exposure, data modification, service disruption."
V1116,DB01,Low,High,None,Low,High,High,0.876,Critical,"Synthetic vulnerability with easy exploitation conditions and possible data modification, service disruption."
V1117,APP01,Low,None,None,High,Low,Low,0.813,Critical,Synthetic vulnerability with easy exploitation conditions and possible data exposure.
V1118,AUTH01,Low,Low,None,High,High,High,0.871,Critical,"Synthetic vulnerability with easy exploitation conditions and possible data exposure, data modification, service disruption."
V1119,BACKUP01,Low,None,None,High,High,High,0.417,Critical,"Synthetic vulnerability with easy exploitation conditions and possible data exposure, data modification, service disruption."
V1120,APP01,High,None,Required,High,None,High,0.994,Critical,"Synthetic vulnerability with specific exploitation conditions and possible data exposure, service disruption."
V1121,APP01,Low,None,None,High,Low,High,0.514,Critical,"Synthetic vulnerability with easy exploitation conditions and possible data exposure, service disruption."
V1122,BACKUP01,Low,Low,None,High,High,High,0.31,Critical,"Synthetic vulnerability with easy exploitation conditions and possible data exposure, data modification, service disruption."
V1123,WEB01,High,None,Required,Low,High,High,0.7,Critical,"Synthetic vulnerability with specific exploitation conditions and possible data modification, service disruption."
V1124,BACKUP01,Low,Low,Required,High,Low,High,0.998,Critical,"Synthetic vulnerability with easy exploitation conditions and possible data exposure, service disruption."
V1125,WEB01,Low,None,Required,High,High,Low,0.923,Critical,"Synthetic vulnerability with easy exploitation conditions and possible data exposure, data modification."
V1126,BACKUP01,High,High,Required,Low,High,High,0.837,Critical,"Synthetic vulnerability with specific exploitation conditions and possible data modification, service disruption."
V1127,EMP01,High,High,Required,High,Low,High,0.983,Critical,"Synthetic vulnerability with specific exploitation conditions and possible data exposure, service disruption."
V1128,DB01,Low,Low,Required,High,High,High,0.751,Critical,"Synthetic vulnerability with easy exploitation conditions and possible data exposure, data modification, service disruption."
V1129,APP01,High,None,None,Low,High,High,0.643,Critical,"Synthetic vulnerability with specific exploitation conditions and possible data modification, service disruption."
V1130,AUTH01,Low,Low,None,High,High,High,0.518,Critical,"Synthetic vulnerability with easy exploitation conditions and possible data exposure, data modification, service disruption."
V1131,WEB01,Low,None,Required,High,High,None,0.941,Critical,"Synthetic vulnerability with easy exploitation conditions and possible data exposure, data modification."
V1132,VPN01,Low,None,Required,High,High,Low,0.99,Critical,"Synthetic vulnerability with easy exploitation conditions and possible data exposure, data modification."
V1133,APP01,Low,None,Required,Low,Low,High,0.877,Critical,Synthetic vulnerability with easy exploitation conditions and possible service disruption.
V1134,AUTH01,High,None,None,High,Low,Low,0.986,Critical,Synthetic vulnerability with specific exploitation conditions and possible data exposure.
V1135,BACKUP01,Low,Low,None,High,High,Low,0.531,Critical,"Synthetic vulnerability with easy exploitation conditions and possible data exposure, data modification."
V1136,DB01,Low,None,None,High,Low,High,0.62,Critical,"Synthetic vulnerability with easy exploitation conditions and possible data exposure, service disruption."
V1137,APP01,Low,High,None,None,High,High,0.994,Critical,"Synthetic vulnerability with easy exploitation conditions and possible data modification, service disruption."
V1138,DB01,Low,Low,Required,High,High,None,0.915,Critical,"Synthetic vulnerability with easy exploitation conditions and possible data exposure, data modification."
V1139,BACKUP01,High,High,None,Low,High,High,0.911,Critical,"Synthetic vulnerability with specific exploitation conditions and possible data modification, service disruption."
V1140,EMP01,High,High,None,High,High,High,0.654,Critical,"Synthetic vulnerability with specific exploitation conditions and possible data exposure, data modification, service disruption."
V1141,AUTH01,High,Low,None,Low,High,Low,0.979,Critical,Synthetic vulnerability with specific exploitation conditions and possible data modification.
V1142,AUTH01,Low,High,Required,High,High,High,0.648,Critical,"Synthetic vulnerability with easy exploitation conditions and possible data exposure, data modification, service disruption."
V1143,DB01,High,Low,None,High,High,High,0.919,Critical,"Synthetic vulnerability with specific exploitation conditions and possible data exposure, data modification, service disruption."
V1144,EMP01,Low,None,None,High,High,Low,0.905,Critical,"Synthetic vulnerability with easy exploitation conditions and possible data exposure, data modification."
V1145,DB01,High,None,None,High,High,Low,0.729,Critical,"Synthetic vulnerability with specific exploitation conditions and possible data exposure, data modification."
V1146,APP01,Low,None,Required,Low,High,Low,0.953,Critical,Synthetic vulnerability with easy exploitation conditions and possible data modification.
V1147,BACKUP01,Low,High,None,Low,High,High,0.883,Critical,"Synthetic vulnerability with easy exploitation conditions and possible data modification, service disruption."
V1148,BACKUP01,Low,None,None,Low,High,Low,0.849,Critical,Synthetic vulnerability with easy exploitation conditions and possible data modification.
V1149,BACKUP01,Low,High,None,High,High,Low,0.732,Critical,"Synthetic vulnerability with easy exploitation conditions and possible data exposure, data modification."
V1150,AUTH01,Low,Low,None,High,High,None,0.84,Critical,"Synthetic vulnerability with easy exploitation conditions and possible data exposure, data modification."
V1151,EMP01,Low,None,None,High,High,Low,0.608,Critical,"Synthetic vulnerability with easy exploitation conditions and possible data exposure, data modification."
V1152,WEB01,Low,High,Required,High,Low,High,0.99,Critical,"Synthetic vulnerability with easy exploitation conditions and possible data exposure, service disruption."
V1153,BACKUP01,Low,Low,Required,High,High,High,0.994,Critical,"Synthetic vulnerability with easy exploitation conditions and possible data exposure, data modification, service disruption."
V1154,VPN01,High,None,None,Low,Low,High,0.871,Critical,Synthetic vulnerability with specific exploitation conditions and possible service disruption.
V1155,WEB01,High,None,None,High,Low,High,0.66,Critical,"Synthetic vulnerability with specific exploitation conditions and possible data exposure, service disruption."
V1156,WEB01,Low,None,None,Low,Low,High,0.867,Critical,Synthetic vulnerability with easy exploitation conditions and possible service disruption.
V1157,WEB01,Low,High,Required,High,High,High,0.736,Critical,"Synthetic vulnerability with easy exploitation conditions and possible data exposure, data modification, service disruption."
V1158,DB01,Low,None,Required,Low,Low,High,0.99,Critical,Synthetic vulnerability with easy exploitation conditions and possible service disruption.
V1159,WEB01,Low,Low,None,High,High,High,0.422,Critical,"Synthetic vulnerability with easy exploitation conditions and possible data exposure, data modification, service disruption."
V1160,VPN01,High,High,Required,High,High,Low,0.784,Critical,"Synthetic vulnerability with specific exploitation conditions and possible data exposure, data modification."
V1161,BACKUP01,Low,Low,Required,Low,High,High,0.992,Critical,"Synthetic vulnerability with easy exploitation conditions and possible data modification, service disruption."
V1162,AUTH01,Low,None,Required,High,High,Low,0.893,Critical,"Synthetic vulnerability with easy exploitation conditions and possible data exposure, data modification."
V1163,EMP01,Low,None,None,Low,High,High,0.49,Critical,"Synthetic vulnerability with easy exploitation conditions and possible data modification, service disruption."
V1164,WEB01,High,High,None,High,High,High,0.905,Critical,"Synthetic vulnerability with specific exploitation conditions and possible data exposure, data modification, service disruption."
V1165,APP01,High,Low,Required,High,High,Low,0.875,Critical,"Synthetic vulnerability with specific exploitation conditions and possible data exposure, data modification."
V1166,AUTH01,High,None,None,High,Low,High,0.951,Critical,"Synthetic vulnerability with specific exploitation conditions and possible data exposure, service disruption."
V1167,AUTH01,High,None,Required,Low,High,High,0.738,Critical,"Synthetic vulnerability with specific exploitation conditions and possible data modification, service disruption."
V1168,BACKUP01,Low,None,None,Low,High,High,0.909,Critical,"Synthetic vulnerability with easy exploitation conditions and possible data modification, service disruption."
V1169,BACKUP01,Low,None,Required,High,Low,High,0.979,Critical,"Synthetic vulnerability with easy exploitation conditions and possible data exposure, service disruption."
V1170,BACKUP01,Low,Low,Required,High,High,Low,0.815,Critical,"Synthetic vulnerability with easy exploitation conditions and possible data exposure, data modification."
V1171,APP01,Low,None,None,High,High,High,0.43,Critical,"Synthetic vulnerability with easy exploitation conditions and possible data exposure, data modification, service disruption."
V1172,DB01,High,High,None,High,High,Low,0.852,Critical,"Synthetic vulnerability with specific exploitation conditions and possible data exposure, data modification."
V1173,AUTH01,Low,None,None,Low,High,High,0.836,Critical,"Synthetic vulnerability with easy exploitation conditions and possible data modification, service disruption."
V1174,BACKUP01,Low,None,Required,Low,High,Low,0.9,Critical,Synthetic vulnerability with easy exploitation conditions and possible data modification.
V1175,APP01,High,None,None,High,High,Low,0.832,Critical,"Synthetic vulnerability with specific exploitation conditions and possible data exposure, data modification."
V1176,BACKUP01,High,None,Required,High,High,High,0.336,Critical,"Synthetic vulnerability with specific exploitation conditions and possible data exposure, data modification, service disruption."
V1177,BACKUP01,Low,None,Required,High,None,High,0.918,Critical,"Synthetic vulnerability with easy exploitation conditions and possible data exposure, service disruption."
V1178,AUTH01,High,Low,Required,High,Low,High,0.926,Critical,"Synthetic vulnerability with specific exploitation conditions and possible data exposure, service disruption."
V1179,APP01,High,None,Required,High,Low,High,0.929,Critical,"Synthetic vulnerability with specific exploitation conditions and possible data exposure, service disruption."
V1180,AUTH01,High,High,None,High,Low,High,0.697,Critical,"Synthetic vulnerability with specific exploitation conditions and possible data exposure, service disruption."
V1181,EMP01,High,None,Required,Low,High,High,0.741,Critical,"Synthetic vulnerability with specific exploitation conditions and possible data modification, service disruption."
V1182,EMP01,Low,None,None,High,Low,High,0.657,Critical,"Synthetic vulnerability with easy exploitation conditions and possible data exposure, service disruption."
V1183,EMP01,High,Low,Required,High,High,High,0.853,Critical,"Synthetic vulnerability with specific exploitation conditions and possible data exposure, data modification, service disruption."
V1184,BACKUP01,High,Low,Required,High,High,Low,0.968,Critical,"Synthetic vulnerability with specific exploitation conditions and possible data exposure, data modification."
V1185,DB01,Low,Low,Required,High,Low,High,0.779,Critical,"Synthetic vulnerability with easy exploitation conditions and possible data exposure, service disruption."
V1186,BACKUP01,Low,None,None,High,High,Low,0.774,Critical,"Synthetic vulnerability with easy exploitation conditions and possible data exposure, data modification."
V1187,WEB01,High,Low,None,High,None,High,0.986,Critical,"Synthetic vulnerability with specific exploitation conditions and possible data exposure, service disruption."
V1188,EMP01,High,None,None,Low,High,High,0.72,Critical,"Synthetic vulnerability with specific exploitation conditions and possible data modification, service disruption."
V1189,AUTH01,Low,None,None,High,Low,High,0.651,Critical,"Synthetic vulnerability with easy exploitation conditions and possible data exposure, service disruption."
V1190,AUTH01,High,None,None,High,High,High,0.35,Critical,"Synthetic vulnerability with specific exploitation conditions and possible data exposure, data modification, service disruption."
V1191,AUTH01,Low,Low,Required,High,High,High,0.358,Critical,"Synthetic vulnerability with easy exploitation conditions and possible data exposure, data modification, service disruption."
V1192,WEB01,High,High,None,High,High,High,0.493,Critical,"Synthetic vulnerability with specific exploitation conditions and possible data exposure, data modification, service disruption."
V1193,WEB01,High,None,None,Low,Low,High,0.889,Critical,Synthetic vulnerability with specific exploitation conditions and possible service disruption.
V1194,APP01,Low,Low,None,High,High,Low,0.871,Critical,"Synthetic vulnerability with easy exploitation conditions and possible data exposure, data modification."
V1195,BACKUP01,Low,None,Required,Low,Low,High,0.869,Critical,Synthetic vulnerability with easy exploitation conditions and possible service disruption.
V1196,AUTH01,High,None,None,High,Low,High,0.643,Critical,"Synthetic vulnerability with specific exploitation conditions and possible data exposure, service disruption."
V1197,APP01,High,High,None,Low,High,High,0.961,Critical,"Synthetic vulnerability with specific exploitation conditions and possible data modification, service disruption."
V1198,VPN01,High,Low,Required,High,Low,High,0.893,Critical,"Synthetic vulnerability with specific exploitation conditions and possible data exposure, service disruption."
V1199,WEB01,High,Low,Required,High,High,High,0.861,Critical,"Synthetic vulnerability with specific exploitation conditions and possible data exposure, data modification, service disruption."
V1200,AUTH01,Low,Low,None,High,None,High,0.954,Critical,"Synthetic vulnerability with easy exploitation conditions and possible data exposure, service disruption."
